time,open,high,low,close,volume
2023-03-01T09:15:00+05:30,40473.85,40473.85,40360.45,40431.25,
2023-03-01T09:20:00+05:30,40432.65,40502.3,40431.25,40449.2,
2023-03-01T09:25:00+05:30,40447.95,40494.35,40436.85,40436.85,
2023-03-01T09:30:00+05:30,40442.4,40506.4,40412,40466.05,
2023-03-01T09:35:00+05:30,40466.05,40526.95,40466.05,40517.45,
2023-03-01T09:40:00+05:30,40518.75,40531.65,40477.45,40487.3,
2023-03-01T09:45:00+05:30,40487.05,40562.65,40481.9,40551.9,
2023-03-01T09:50:00+05:30,40548.5,40551.75,40462.7,40490.5,
2023-03-01T09:55:00+05:30,40490.55,40520.8,40485.2,40501.3,
2023-03-01T10:00:00+05:30,40503.4,40543.95,40503.4,40528.05,
2023-03-01T10:05:00+05:30,40527.9,40559.7,40523.25,40545.75,
2023-03-01T10:10:00+05:30,40541.7,40596.8,40532.8,40533.65,
2023-03-01T10:15:00+05:30,40531.35,40558.3,40499.65,40541.05,
2023-03-01T10:20:00+05:30,40541.55,40572.35,40539.4,40546.9,
2023-03-01T10:25:00+05:30,40545.65,40604.7,40519.75,40598.85,
2023-03-01T10:30:00+05:30,40595.8,40621.3,40564.35,40567.15,
2023-03-01T10:35:00+05:30,40565.7,40626.7,40540.95,40626.7,
2023-03-01T10:40:00+05:30,40623.1,40623.25,40598.1,40605.7,
2023-03-01T10:45:00+05:30,40605.15,40622.75,40584.1,40613.1,
2023-03-01T10:50:00+05:30,40612.4,40622.05,40592.65,40611.55,
2023-03-01T10:55:00+05:30,40614.15,40634,40607.3,40615.7,
2023-03-01T11:00:00+05:30,40617.2,40625.55,40607.85,40607.85,
2023-03-01T11:05:00+05:30,40606.3,40623.2,40583.5,40620.65,
2023-03-01T11:10:00+05:30,40619.4,40650.75,40566.05,40649.7,
2023-03-01T11:15:00+05:30,40652.1,40671.3,40636.35,40667,
2023-03-01T11:20:00+05:30,40669.35,40674.85,40639.85,40642.25,
2023-03-01T11:25:00+05:30,40640.45,40658.35,40629.8,40637.05,
2023-03-01T11:30:00+05:30,40643.55,40677.1,40598.35,40664.7,
2023-03-01T11:35:00+05:30,40663.35,40687.35,40616.1,40619.2,
2023-03-01T11:40:00+05:30,40618.6,40686.7,40603.75,40670.45,
2023-03-01T11:45:00+05:30,40669.55,40674.4,40652.2,40652.9,
2023-03-01T11:50:00+05:30,40653.25,40670.6,40643.8,40658,
2023-03-01T11:55:00+05:30,40657.1,40673.15,40645.85,40656.25,
2023-03-01T12:00:00+05:30,40656,40667.6,40632.5,40641.35,
2023-03-01T12:05:00+05:30,40643.15,40643.15,40590.65,40597,
2023-03-01T12:10:00+05:30,40594.25,40597.15,40562.65,40564.25,
2023-03-01T12:15:00+05:30,40564.1,40591.3,40545.95,40550,
2023-03-01T12:20:00+05:30,40550.85,40600.3,40514.35,40599.85,
2023-03-01T12:25:00+05:30,40601.3,40610.65,40580.9,40601.1,
2023-03-01T12:30:00+05:30,40600.95,40621.45,40594.85,40600.2,
2023-03-01T12:35:00+05:30,40601.8,40611.55,40586.4,40587.5,
2023-03-01T12:40:00+05:30,40587.25,40611,40529.05,40606.25,
2023-03-01T12:45:00+05:30,40608.5,40616.65,40588.95,40597.85,
2023-03-01T12:50:00+05:30,40595.75,40618.95,40595.55,40615.05,
2023-03-01T12:55:00+05:30,40614.6,40619.05,40591.4,40596.5,
2023-03-01T13:00:00+05:30,40595.25,40601.95,40576.25,40587.25,
2023-03-01T13:05:00+05:30,40587.9,40594.1,40577.05,40584,
2023-03-01T13:10:00+05:30,40582.95,40593.25,40572.65,40583.6,
2023-03-01T13:15:00+05:30,40584.45,40592.7,40526.5,40526.5,
2023-03-01T13:20:00+05:30,40527.2,40603.4,40523.35,40577.85,
2023-03-01T13:25:00+05:30,40576.3,40597.1,40567.55,40591.5,
2023-03-01T13:30:00+05:30,40591.55,40596.6,40570.85,40579.05,
2023-03-01T13:35:00+05:30,40578.35,40598.2,40574.4,40595.1,
2023-03-01T13:40:00+05:30,40593.1,40610.65,40582.25,40610.55,
2023-03-01T13:45:00+05:30,40609.2,40635.35,40602.9,40631.15,
2023-03-01T13:50:00+05:30,40631,40700,40626.8,40626.8,
2023-03-01T13:55:00+05:30,40626.25,40639.5,40573.3,40609.75,
2023-03-01T14:00:00+05:30,40608.45,40664.7,40608.45,40650.5,
2023-03-01T14:05:00+05:30,40651.7,40666.45,40634.9,40663.3,
2023-03-01T14:10:00+05:30,40662.9,40662.9,40643.35,40654.15,
2023-03-01T14:15:00+05:30,40653.65,40654.7,40619.85,40652.1,
2023-03-01T14:20:00+05:30,40653.2,40653.25,40626.5,40645.85,
2023-03-01T14:25:00+05:30,40643.4,40675.45,40634.9,40662.1,
2023-03-01T14:30:00+05:30,40663.1,40685.25,40659.2,40662.55,
2023-03-01T14:35:00+05:30,40667.35,40673.25,40656.05,40660.75,
2023-03-01T14:40:00+05:30,40660.15,40718.65,40656.1,40718.65,
2023-03-01T14:45:00+05:30,40718.7,40724.05,40684.6,40702.75,
2023-03-01T14:50:00+05:30,40702,40703.6,40677,40694.9,
2023-03-01T14:55:00+05:30,40696.15,40704.45,40683.65,40687.4,
2023-03-01T15:00:00+05:30,40688.4,40704.25,40657.8,40677.25,
2023-03-01T15:05:00+05:30,40676.6,40720,40675.1,40702.6,
2023-03-01T15:10:00+05:30,40703.15,40703.15,40679.85,40690.2,
2023-03-01T15:15:00+05:30,40690.3,40711.35,40680.45,40693.05,
2023-03-01T15:20:00+05:30,40693.1,40708.4,40678.3,40704.15,
2023-03-01T15:25:00+05:30,40704.15,40719.9,40688.15,40703.45,
2023-03-02T09:15:00+05:30,40604.55,40771.3,40604.55,40753.4,
2023-03-02T09:20:00+05:30,40750.05,40750.05,40651.45,40656.95,
2023-03-02T09:25:00+05:30,40652.25,40652.25,40560.45,40579.2,
2023-03-02T09:30:00+05:30,40570.5,40606.35,40546.1,40557.9,
2023-03-02T09:35:00+05:30,40557.3,40590.05,40544.7,40549.8,
2023-03-02T09:40:00+05:30,40555.4,40595.7,40555.4,40594.3,
2023-03-02T09:45:00+05:30,40595.25,40620,40569,40593.6,
2023-03-02T09:50:00+05:30,40591.4,40618.85,40572.7,40606.45,
2023-03-02T09:55:00+05:30,40608.35,40642.2,40583.15,40601.1,
2023-03-02T10:00:00+05:30,40598.45,40688.05,40594.95,40629.25,
2023-03-02T10:05:00+05:30,40618.25,40646.5,40559.3,40646.5,
2023-03-02T10:10:00+05:30,40650.8,40681.55,40609.05,40622.45,
2023-03-02T10:15:00+05:30,40626.3,40645.15,40588.55,40596.4,
2023-03-02T10:20:00+05:30,40599.25,40653.95,40589.15,40622.6,
2023-03-02T10:25:00+05:30,40621.25,40639.55,40606.75,40626.15,
2023-03-02T10:30:00+05:30,40626.15,40643,40621.5,40636.05,
2023-03-02T10:35:00+05:30,40636.05,40691.1,40632.75,40685.05,
2023-03-02T10:40:00+05:30,40681.35,40704.75,40665.95,40689.75,
2023-03-02T10:45:00+05:30,40691.65,40710.35,40654.65,40670.8,
2023-03-02T10:50:00+05:30,40667.25,40667.95,40627.3,40631.2,
2023-03-02T10:55:00+05:30,40630,40656.95,40630,40655.55,
2023-03-02T11:00:00+05:30,40660.85,40695.3,40654.35,40674.95,
2023-03-02T11:05:00+05:30,40673.25,40684.3,40622.65,40650.45,
2023-03-02T11:10:00+05:30,40647.75,40666.15,40601.05,40664.05,
2023-03-02T11:15:00+05:30,40665.9,40673.35,40601.3,40618,
2023-03-02T11:20:00+05:30,40619.25,40622.35,40574.15,40584.7,
2023-03-02T11:25:00+05:30,40583.8,40625.7,40579.65,40623.35,
2023-03-02T11:30:00+05:30,40623.7,40633.1,40610.1,40627.55,
2023-03-02T11:35:00+05:30,40631.5,40639.15,40616.35,40620.15,
2023-03-02T11:40:00+05:30,40619.9,40634.65,40614.75,40621.35,
2023-03-02T11:45:00+05:30,40618.75,40635.5,40615.45,40626.4,
2023-03-02T11:50:00+05:30,40625.55,40631.75,40613.45,40617.8,
2023-03-02T11:55:00+05:30,40617.25,40641.15,40617.15,40632.55,
2023-03-02T12:00:00+05:30,40626.85,40654.6,40626.85,40653.8,
2023-03-02T12:05:00+05:30,40654.5,40691.45,40606.35,40606.35,
2023-03-02T12:10:00+05:30,40607.05,40663.6,40607.05,40624.5,
2023-03-02T12:15:00+05:30,40625.3,40634.7,40582.75,40632.45,
2023-03-02T12:20:00+05:30,40632.65,40639.05,40570.8,40593.15,
2023-03-02T12:25:00+05:30,40585.85,40598.45,40558.4,40572,
2023-03-02T12:30:00+05:30,40575.15,40594.05,40560.6,40589.8,
2023-03-02T12:35:00+05:30,40589.1,40598.05,40576.2,40581.85,
2023-03-02T12:40:00+05:30,40585.55,40592.4,40572.75,40577.05,
2023-03-02T12:45:00+05:30,40575.05,40611.2,40556.85,40607.1,
2023-03-02T12:50:00+05:30,40606.4,40607.45,40560.25,40569.1,
2023-03-02T12:55:00+05:30,40568.9,40572.9,40550.75,40560.3,
2023-03-02T13:00:00+05:30,40559.4,40612.9,40533.2,40538.55,
2023-03-02T13:05:00+05:30,40539.2,40584.55,40521.05,40530.85,
2023-03-02T13:10:00+05:30,40534.1,40580.5,40510.65,40514.5,
2023-03-02T13:15:00+05:30,40513.55,40542.95,40511,40537.15,
2023-03-02T13:20:00+05:30,40538.45,40577.55,40529.8,40537.45,
2023-03-02T13:25:00+05:30,40545.9,40546.7,40510.6,40519.45,
2023-03-02T13:30:00+05:30,40512.75,40530.5,40469.85,40474.05,
2023-03-02T13:35:00+05:30,40473.35,40476.05,40442.75,40454.45,
2023-03-02T13:40:00+05:30,40453.2,40460.95,40425.25,40426.8,
2023-03-02T13:45:00+05:30,40425.9,40455.9,40419.05,40448.4,
2023-03-02T13:50:00+05:30,40450.5,40451.3,40420.45,40437.9,
2023-03-02T13:55:00+05:30,40435.6,40450.2,40424.55,40439.2,
2023-03-02T14:00:00+05:30,40436.8,40445.65,40370.75,40399.15,
2023-03-02T14:05:00+05:30,40396.15,40407.75,40388.1,40399.25,
2023-03-02T14:10:00+05:30,40400.2,40452.45,40398.7,40438.15,
2023-03-02T14:15:00+05:30,40433.5,40445.25,40398.1,40403.15,
2023-03-02T14:20:00+05:30,40403.85,40474.45,40403.65,40457.25,
2023-03-02T14:25:00+05:30,40454.25,40468.65,40437,40459.25,
2023-03-02T14:30:00+05:30,40459.75,40498.55,40446.2,40477.9,
2023-03-02T14:35:00+05:30,40479.65,40480.1,40422.2,40453.85,
2023-03-02T14:40:00+05:30,40454.5,40461.85,40431.55,40440.35,
2023-03-02T14:45:00+05:30,40435.35,40452.5,40420.25,40428.5,
2023-03-02T14:50:00+05:30,40429.8,40438.25,40378.8,40420.1,
2023-03-02T14:55:00+05:30,40418.3,40437.75,40409.9,40415.9,
2023-03-02T15:00:00+05:30,40419.6,40443.5,40403.5,40432.35,
2023-03-02T15:05:00+05:30,40430.55,40437.6,40394.65,40409.25,
2023-03-02T15:10:00+05:30,40412.85,40426.1,40395.45,40415.25,
2023-03-02T15:15:00+05:30,40416.2,40417.6,40388,40394.1,
2023-03-02T15:20:00+05:30,40391.9,40397.25,40340.85,40348.15,
2023-03-02T15:25:00+05:30,40351.9,40356.6,40315.7,40332.7,
2023-03-03T09:15:00+05:30,40671.4,40736.2,40630.7,40726,
2023-03-03T09:20:00+05:30,40728.65,40781.25,40719.5,40778.35,
2023-03-03T09:25:00+05:30,40778.5,40800.55,40765.85,40782.35,
2023-03-03T09:30:00+05:30,40783.65,40827.15,40742.9,40742.9,
2023-03-03T09:35:00+05:30,40744.4,40835.8,40733.25,40822.4,
2023-03-03T09:40:00+05:30,40823.25,40831,40769.55,40800.45,
2023-03-03T09:45:00+05:30,40801.15,40875.75,40800.15,40837.65,
2023-03-03T09:50:00+05:30,40837.9,40898.5,40824.05,40891.45,
2023-03-03T09:55:00+05:30,40888.75,40916.75,40883.2,40888.35,
2023-03-03T10:00:00+05:30,40885.7,40909.75,40851.2,40860.25,
2023-03-03T10:05:00+05:30,40859.65,40942.2,40853.25,40933.3,
2023-03-03T10:10:00+05:30,40933.55,41002.8,40933.55,40999.35,
2023-03-03T10:15:00+05:30,41001.35,41053.95,40983.55,41053.95,
2023-03-03T10:20:00+05:30,41054.95,41063.2,41023.7,41048.5,
2023-03-03T10:25:00+05:30,41047.75,41065.55,41029.85,41065.2,
2023-03-03T10:30:00+05:30,41060.3,41092.5,41043.1,41043.1,
2023-03-03T10:35:00+05:30,41041.55,41082,41037.55,41077.4,
2023-03-03T10:40:00+05:30,41075.75,41121.95,41075.05,41121.95,
2023-03-03T10:45:00+05:30,41119.9,41256.65,41114.95,41214.95,
2023-03-03T10:50:00+05:30,41217.05,41227.05,41178.95,41203.95,
2023-03-03T10:55:00+05:30,41202.1,41220.2,41185.5,41192.85,
2023-03-03T11:00:00+05:30,41194.2,41202.85,41172.15,41177.1,
2023-03-03T11:05:00+05:30,41175.8,41231.6,41137.05,41223.15,
2023-03-03T11:10:00+05:30,41222.65,41227.25,41162.7,41195.05,
2023-03-03T11:15:00+05:30,41188.25,41207.05,41143.85,41188.7,
2023-03-03T11:20:00+05:30,41184.6,41222.1,41174.8,41190.45,
2023-03-03T11:25:00+05:30,41191.3,41250.4,41169.5,41217.25,
2023-03-03T11:30:00+05:30,41219.1,41250.05,41215.25,41240,
2023-03-03T11:35:00+05:30,41243.4,41280.95,41232.5,41280.9,
2023-03-03T11:40:00+05:30,41281.2,41298.45,41270,41292.5,
2023-03-03T11:45:00+05:30,41291.3,41300.25,41259.25,41277.75,
2023-03-03T11:50:00+05:30,41275.7,41279.25,41248.9,41258.35,
2023-03-03T11:55:00+05:30,41259.4,41261,41235,41248.55,
2023-03-03T12:00:00+05:30,41249.75,41283.8,41249.75,41272.65,
2023-03-03T12:05:00+05:30,41272.5,41295.45,41272.5,41288.55,
2023-03-03T12:10:00+05:30,41289.05,41318.25,41273.05,41279.95,
2023-03-03T12:15:00+05:30,41281.25,41291.45,41265.8,41285.2,
2023-03-03T12:20:00+05:30,41285.45,41288.3,41250.05,41260.75,
2023-03-03T12:25:00+05:30,41261.9,41266.25,41231.05,41235.95,
2023-03-03T12:30:00+05:30,41235.65,41261.3,41219.25,41222.85,
2023-03-03T12:35:00+05:30,41220.05,41238.7,41198.9,41212,
2023-03-03T12:40:00+05:30,41210.8,41211.4,41155.55,41169.2,
2023-03-03T12:45:00+05:30,41168.9,41215.25,41167.55,41175.4,
2023-03-03T12:50:00+05:30,41176.1,41199.15,41170.4,41196.15,
2023-03-03T12:55:00+05:30,41195.5,41214.9,41189.25,41212.75,
2023-03-03T13:00:00+05:30,41213.1,41234.15,41199,41205.5,
2023-03-03T13:05:00+05:30,41203.8,41225.7,41192.75,41209.75,
2023-03-03T13:10:00+05:30,41209.1,41224.95,41199.4,41219.25,
2023-03-03T13:15:00+05:30,41218.25,41271.05,41217.5,41268.3,
2023-03-03T13:20:00+05:30,41269.9,41295,41257.6,41284.4,
2023-03-03T13:25:00+05:30,41288.05,41288.55,41252,41280.05,
2023-03-03T13:30:00+05:30,41279.55,41325.8,41276.2,41321.2,
2023-03-03T13:35:00+05:30,41321.2,41326.2,41283.15,41292.4,
2023-03-03T13:40:00+05:30,41295.3,41320.3,41287.5,41317.4,
2023-03-03T13:45:00+05:30,41317.75,41340.6,41308.35,41311.55,
2023-03-03T13:50:00+05:30,41309.7,41334.35,41298,41302.95,
2023-03-03T13:55:00+05:30,41306.65,41335.2,41298.6,41300.55,
2023-03-03T14:00:00+05:30,41301.3,41338.55,41296.95,41337.55,
2023-03-03T14:05:00+05:30,41337.8,41349.95,41305.3,41324.2,
2023-03-03T14:10:00+05:30,41326.6,41344.7,41318,41336.05,
2023-03-03T14:15:00+05:30,41339.25,41375.25,41337.45,41346.85,
2023-03-03T14:20:00+05:30,41348.5,41359.8,41341.7,41358.45,
2023-03-03T14:25:00+05:30,41357.9,41389,41347.45,41373,
2023-03-03T14:30:00+05:30,41371.8,41377.2,41335.25,41348,
2023-03-03T14:35:00+05:30,41345.7,41347.1,41318.65,41335.15,
2023-03-03T14:40:00+05:30,41335.9,41357.6,41313.9,41323.45,
2023-03-03T14:45:00+05:30,41320,41335.8,41308.1,41320.6,
2023-03-03T14:50:00+05:30,41321.25,41349.6,41318.95,41348.95,
2023-03-03T14:55:00+05:30,41349.1,41366.1,41317.95,41329.6,
2023-03-03T15:00:00+05:30,41329.45,41329.45,41267.6,41269.35,
2023-03-03T15:05:00+05:30,41266.6,41280.15,41246.65,41262.1,
2023-03-03T15:10:00+05:30,41258.2,41262.8,41225.7,41237.6,
2023-03-03T15:15:00+05:30,41237.75,41250.7,41217.9,41233.15,
2023-03-03T15:20:00+05:30,41230.05,41236.4,41200.55,41210.7,
2023-03-03T15:25:00+05:30,41211.7,41256.4,41208.6,41236.85,
2023-03-06T09:15:00+05:30,41418.4,41536.4,41410,41536.4,
2023-03-06T09:20:00+05:30,41532.55,41558.75,41512.15,41518.75,
2023-03-06T09:25:00+05:30,41517,41546.8,41475.2,41543.7,
2023-03-06T09:30:00+05:30,41550,41591.65,41537.25,41539.05,
2023-03-06T09:35:00+05:30,41534.8,41571.85,41512,41569.2,
2023-03-06T09:40:00+05:30,41573.3,41595.65,41549.35,41592.5,
2023-03-06T09:45:00+05:30,41590.45,41643.3,41590.45,41623.55,
2023-03-06T09:50:00+05:30,41629.55,41661.5,41619.15,41632.25,
2023-03-06T09:55:00+05:30,41631.3,41650.15,41561.5,41638.55,
2023-03-06T10:00:00+05:30,41639.3,41651.7,41595,41596.1,
2023-03-06T10:05:00+05:30,41597.85,41662.25,41586.8,41645.95,
2023-03-06T10:10:00+05:30,41644.95,41656.8,41635.95,41646.85,
2023-03-06T10:15:00+05:30,41647.2,41655.1,41586.3,41633.75,
2023-03-06T10:20:00+05:30,41633.8,41642.45,41606.2,41623.5,
2023-03-06T10:25:00+05:30,41625.35,41667.8,41581.75,41587.2,
2023-03-06T10:30:00+05:30,41586.05,41614.05,41582.85,41599.3,
2023-03-06T10:35:00+05:30,41600.65,41601.7,41547.8,41593.6,
2023-03-06T10:40:00+05:30,41591.95,41606.05,41562.35,41577,
2023-03-06T10:45:00+05:30,41575.7,41603.25,41550.25,41591.55,
2023-03-06T10:50:00+05:30,41597.6,41598.85,41571.1,41585.35,
2023-03-06T10:55:00+05:30,41586,41604.35,41536,41551.3,
2023-03-06T11:00:00+05:30,41551.15,41592.55,41551.15,41552.85,
2023-03-06T11:05:00+05:30,41551.25,41551.25,41423.8,41454.55,
2023-03-06T11:10:00+05:30,41456.5,41487.85,41407.8,41484.25,
2023-03-06T11:15:00+05:30,41480.6,41492.35,41411.25,41420.95,
2023-03-06T11:20:00+05:30,41415.9,41421.9,41347.1,41353.3,
2023-03-06T11:25:00+05:30,41350.45,41395.35,41344.95,41395.2,
2023-03-06T11:30:00+05:30,41394.85,41429.75,41385.3,41410.15,
2023-03-06T11:35:00+05:30,41408.4,41450.25,41408.4,41429.35,
2023-03-06T11:40:00+05:30,41428.6,41442,41414.7,41437.15,
2023-03-06T11:45:00+05:30,41435.2,41437.7,41396.55,41418.35,
2023-03-06T11:50:00+05:30,41418,41462.6,41413.45,41426.35,
2023-03-06T11:55:00+05:30,41425.85,41471.15,41406.8,41463.75,
2023-03-06T12:00:00+05:30,41470.35,41474.95,41393.35,41400.6,
2023-03-06T12:05:00+05:30,41400.7,41457.15,41399.85,41406.85,
2023-03-06T12:10:00+05:30,41405.15,41441.8,41376.75,41426.2,
2023-03-06T12:15:00+05:30,41426.85,41444.15,41361.7,41409.75,
2023-03-06T12:20:00+05:30,41408.45,41444.85,41385.65,41444.85,
2023-03-06T12:25:00+05:30,41441.4,41452.6,41371.7,41397.95,
2023-03-06T12:30:00+05:30,41397.2,41435.15,41388.55,41388.55,
2023-03-06T12:35:00+05:30,41390.75,41398.8,41360.8,41378.9,
2023-03-06T12:40:00+05:30,41381.85,41409.4,41361.6,41397.75,
2023-03-06T12:45:00+05:30,41399,41411.7,41392.8,41404.9,
2023-03-06T12:50:00+05:30,41404.6,41408,41377.9,41382.1,
2023-03-06T12:55:00+05:30,41381.3,41421.2,41336.4,41420.25,
2023-03-06T13:00:00+05:30,41420.6,41432.4,41360.1,41400.35,
2023-03-06T13:05:00+05:30,41399.9,41441.35,41382.55,41434.9,
2023-03-06T13:10:00+05:30,41434.6,41454.2,41390.2,41431.6,
2023-03-06T13:15:00+05:30,41429.9,41429.9,41350.45,41393.05,
2023-03-06T13:20:00+05:30,41393.65,41424.95,41383.7,41390.45,
2023-03-06T13:25:00+05:30,41390.25,41390.25,41360.3,41363.1,
2023-03-06T13:30:00+05:30,41361.7,41361.7,41302.45,41302.45,
2023-03-06T13:35:00+05:30,41302.2,41333.25,41287.9,41333.1,
2023-03-06T13:40:00+05:30,41331,41344.8,41308.1,41313.7,
2023-03-06T13:45:00+05:30,41314.3,41325,41304.6,41323.15,
2023-03-06T13:50:00+05:30,41321.8,41321.8,41290.75,41306.95,
2023-03-06T13:55:00+05:30,41306.45,41359.75,41302.6,41341.5,
2023-03-06T14:00:00+05:30,41339.65,41394.25,41335.7,41389.4,
2023-03-06T14:05:00+05:30,41389.7,41389.7,41350.65,41374.1,
2023-03-06T14:10:00+05:30,41366.3,41373.05,41308.6,41329.35,
2023-03-06T14:15:00+05:30,41328.75,41351.05,41320,41342.15,
2023-03-06T14:20:00+05:30,41344.15,41388.6,41333.45,41361,
2023-03-06T14:25:00+05:30,41360.05,41373.7,41349.85,41365.1,
2023-03-06T14:30:00+05:30,41364.6,41381.1,41334.25,41344.85,
2023-03-06T14:35:00+05:30,41345.25,41352.65,41317.85,41325.35,
2023-03-06T14:40:00+05:30,41327.15,41336.2,41291.05,41291.05,
2023-03-06T14:45:00+05:30,41291.75,41319.2,41260.55,41317.95,
2023-03-06T14:50:00+05:30,41317.15,41317.15,41276.15,41280.85,
2023-03-06T14:55:00+05:30,41279.2,41311.85,41269.05,41311.85,
2023-03-06T15:00:00+05:30,41314.65,41337.15,41273.5,41298.9,
2023-03-06T15:05:00+05:30,41298.1,41339.35,41296.9,41339.35,
2023-03-06T15:10:00+05:30,41340.85,41366.9,41334,41356.7,
2023-03-06T15:15:00+05:30,41355.7,41380.95,41336.65,41371.55,
2023-03-06T15:20:00+05:30,41369.65,41386.55,41359.15,41384.05,
2023-03-06T15:25:00+05:30,41385.85,41403.75,41373.65,41396,
2023-03-08T09:15:00+05:30,41178.35,41224.95,41121.5,41176.85,
2023-03-08T09:20:00+05:30,41183.1,41210.3,41137.1,41158.55,
2023-03-08T09:25:00+05:30,41157.75,41185.7,41135.95,41161.75,
2023-03-08T09:30:00+05:30,41162.15,41287.8,41101.15,41268.85,
2023-03-08T09:35:00+05:30,41265.5,41355.25,41215.5,41307.3,
2023-03-08T09:40:00+05:30,41309.8,41322.5,41222.95,41247.4,
2023-03-08T09:45:00+05:30,41246.25,41246.25,41198.9,41219.95,
2023-03-08T09:50:00+05:30,41224.9,41348.7,41205.4,41295.8,
2023-03-08T09:55:00+05:30,41295.55,41322.8,41268.8,41317.2,
2023-03-08T10:00:00+05:30,41320.2,41324.45,41273.7,41302.3,
2023-03-08T10:05:00+05:30,41305.5,41340.75,41262.75,41262.75,
2023-03-08T10:10:00+05:30,41266.35,41297.5,41238.55,41238.55,
2023-03-08T10:15:00+05:30,41239.8,41249.6,41213.4,41222.55,
2023-03-08T10:20:00+05:30,41222.7,41277.2,41221.8,41243.55,
2023-03-08T10:25:00+05:30,41246.8,41266.45,41195.2,41198,
2023-03-08T10:30:00+05:30,41181.9,41260.05,41181.9,41232.25,
2023-03-08T10:35:00+05:30,41232.4,41257.35,41225.95,41232.05,
2023-03-08T10:40:00+05:30,41230.95,41235.75,41220.4,41228.1,
2023-03-08T10:45:00+05:30,41229,41257.4,41213.75,41249.45,
2023-03-08T10:50:00+05:30,41243.95,41266.2,41193.55,41247.75,
2023-03-08T10:55:00+05:30,41242.1,41270.2,41241.5,41250.75,
2023-03-08T11:00:00+05:30,41252.95,41278.1,41211.05,41249.55,
2023-03-08T11:05:00+05:30,41244.25,41286.9,41234,41246.9,
2023-03-08T11:10:00+05:30,41251.1,41261.25,41223,41225.8,
2023-03-08T11:15:00+05:30,41226.45,41270.2,41203.2,41207.15,
2023-03-08T11:20:00+05:30,41208.45,41238.35,41199.45,41227.3,
2023-03-08T11:25:00+05:30,41228.5,41245.2,41223.9,41243.7,
2023-03-08T11:30:00+05:30,41243.85,41278.85,41229,41278.85,
2023-03-08T11:35:00+05:30,41281.25,41295.1,41211.95,41266.2,
2023-03-08T11:40:00+05:30,41266.75,41275.55,41236.05,41267.1,
2023-03-08T11:45:00+05:30,41264.45,41313.8,41254.25,41310.85,
2023-03-08T11:50:00+05:30,41316.35,41319.55,41282.75,41287.95,
2023-03-08T11:55:00+05:30,41288.1,41293.3,41267.2,41291.5,
2023-03-08T12:00:00+05:30,41293.7,41293.7,41272.4,41281.05,
2023-03-08T12:05:00+05:30,41288.65,41316.9,41283.65,41314.45,
2023-03-08T12:10:00+05:30,41317.15,41326.1,41283.7,41283.7,
2023-03-08T12:15:00+05:30,41285.65,41349.75,41273.5,41320.85,
2023-03-08T12:20:00+05:30,41319.75,41325.65,41307.8,41312.65,
2023-03-08T12:25:00+05:30,41313.45,41335.35,41290.8,41323.65,
2023-03-08T12:30:00+05:30,41325.6,41372.6,41321.55,41336.95,
2023-03-08T12:35:00+05:30,41337.05,41359.5,41289.6,41345.1,
2023-03-08T12:40:00+05:30,41343.65,41344.65,41303.95,41304,
2023-03-08T12:45:00+05:30,41303.5,41337.85,41284.3,41305.1,
2023-03-08T12:50:00+05:30,41305.1,41337.25,41300.85,41324.55,
2023-03-08T12:55:00+05:30,41324.7,41334.5,41319.05,41322.5,
2023-03-08T13:00:00+05:30,41320.85,41341.5,41317.55,41340.7,
2023-03-08T13:05:00+05:30,41342.75,41345.95,41277,41326.4,
2023-03-08T13:10:00+05:30,41320.8,41359.75,41283.95,41297.5,
2023-03-08T13:15:00+05:30,41299.5,41321.8,41297.15,41320.7,
2023-03-08T13:20:00+05:30,41320.2,41336.4,41316.6,41332.55,
2023-03-08T13:25:00+05:30,41332.7,41338.45,41296.6,41300.4,
2023-03-08T13:30:00+05:30,41300.15,41312.25,41293.25,41300.15,
2023-03-08T13:35:00+05:30,41300.55,41300.9,41281.7,41285.4,
2023-03-08T13:40:00+05:30,41286.45,41308.45,41278.95,41302.7,
2023-03-08T13:45:00+05:30,41302.6,41320.65,41293.65,41300.85,
2023-03-08T13:50:00+05:30,41300,41338.25,41290.75,41325.8,
2023-03-08T13:55:00+05:30,41326.35,41408.9,41323.4,41408.85,
2023-03-08T14:00:00+05:30,41406.1,41465.3,41399.85,41457.55,
2023-03-08T14:05:00+05:30,41458.35,41477,41415.2,41435.5,
2023-03-08T14:10:00+05:30,41435.1,41479.05,41393.3,41460,
2023-03-08T14:15:00+05:30,41456.9,41483.75,41413.55,41483.75,
2023-03-08T14:20:00+05:30,41484.25,41487.2,41455.3,41468.4,
2023-03-08T14:25:00+05:30,41468.2,41493.95,41465.15,41481.2,
2023-03-08T14:30:00+05:30,41480.65,41501.15,41424,41454.55,
2023-03-08T14:35:00+05:30,41460.4,41480.3,41394.6,41418.45,
2023-03-08T14:40:00+05:30,41422.25,41490.1,41417.2,41453.3,
2023-03-08T14:45:00+05:30,41451.4,41457.8,41422.7,41441.05,
2023-03-08T14:50:00+05:30,41440.35,41448.7,41431.15,41439.2,
2023-03-08T14:55:00+05:30,41439.15,41459.4,41431.45,41447,
2023-03-08T15:00:00+05:30,41453.65,41529.5,41451.1,41512.55,
2023-03-08T15:05:00+05:30,41513.3,41594.6,41496.55,41593.95,
2023-03-08T15:10:00+05:30,41600.9,41603.85,41571.9,41586.25,
2023-03-08T15:15:00+05:30,41586,41604.85,41579.25,41600.75,
2023-03-08T15:20:00+05:30,41600.95,41625.35,41598.8,41611.75,
2023-03-08T15:25:00+05:30,41609,41610.95,41570.95,41573.5,
2023-03-09T09:15:00+05:30,41532.65,41631,41518.2,41611.55,
2023-03-09T09:20:00+05:30,41623.6,41624.45,41514.5,41524.65,
2023-03-09T09:25:00+05:30,41526.2,41539.9,41456.9,41496.6,
2023-03-09T09:30:00+05:30,41498.1,41512,41467.3,41474.4,
2023-03-09T09:35:00+05:30,41477.65,41527.6,41463,41502.8,
2023-03-09T09:40:00+05:30,41505.6,41523.2,41479.6,41513.05,
2023-03-09T09:45:00+05:30,41510.45,41537.15,41507.55,41518.25,
2023-03-09T09:50:00+05:30,41514.6,41520.05,41484.3,41484.3,
2023-03-09T09:55:00+05:30,41486.35,41491.7,41447.95,41452.1,
2023-03-09T10:00:00+05:30,41450.45,41461.9,41436.1,41457.55,
2023-03-09T10:05:00+05:30,41455.55,41502.4,41443.85,41496.5,
2023-03-09T10:10:00+05:30,41501.05,41501.05,41453.45,41472.7,
2023-03-09T10:15:00+05:30,41468.5,41492.45,41462.05,41489.55,
2023-03-09T10:20:00+05:30,41492.35,41505.85,41471.35,41498.1,
2023-03-09T10:25:00+05:30,41497.1,41563.7,41492.8,41556.45,
2023-03-09T10:30:00+05:30,41555.55,41561.1,41505.25,41541.75,
2023-03-09T10:35:00+05:30,41539.8,41556.3,41504.05,41514.3,
2023-03-09T10:40:00+05:30,41514,41536.7,41486.7,41493.75,
2023-03-09T10:45:00+05:30,41496.5,41536.1,41494.9,41527.5,
2023-03-09T10:50:00+05:30,41525.25,41534.85,41496.05,41523.35,
2023-03-09T10:55:00+05:30,41522,41530.8,41506.9,41528.05,
2023-03-09T11:00:00+05:30,41525.65,41533.6,41516.5,41524.8,
2023-03-09T11:05:00+05:30,41526.6,41541.15,41524.85,41531.9,
2023-03-09T11:10:00+05:30,41531.9,41561.4,41531,41560.15,
2023-03-09T11:15:00+05:30,41558.95,41610.9,41553.05,41580,
2023-03-09T11:20:00+05:30,41585.3,41600.95,41576.6,41596.8,
2023-03-09T11:25:00+05:30,41597.25,41616.35,41567.4,41588.1,
2023-03-09T11:30:00+05:30,41587.3,41625.1,41587.3,41622.75,
2023-03-09T11:35:00+05:30,41623.5,41630.35,41603,41630.35,
2023-03-09T11:40:00+05:30,41629.5,41655.5,41595.35,41626.5,
2023-03-09T11:45:00+05:30,41634.3,41635.9,41587.1,41593.8,
2023-03-09T11:50:00+05:30,41597.1,41613.35,41543.75,41547.55,
2023-03-09T11:55:00+05:30,41548.85,41585.15,41547.35,41579.8,
2023-03-09T12:00:00+05:30,41580.65,41585.5,41523.1,41525.25,
2023-03-09T12:05:00+05:30,41521.65,41537.95,41495.95,41533.75,
2023-03-09T12:10:00+05:30,41530.75,41541.45,41526.9,41527.9,
2023-03-09T12:15:00+05:30,41528.15,41529.1,41476.65,41476.65,
2023-03-09T12:20:00+05:30,41478.8,41499.15,41446.6,41476.25,
2023-03-09T12:25:00+05:30,41476.6,41488.55,41444.25,41456,
2023-03-09T12:30:00+05:30,41460.25,41473.05,41416,41421.5,
2023-03-09T12:35:00+05:30,41419.45,41453.45,41415.5,41439.6,
2023-03-09T12:40:00+05:30,41442.3,41481.45,41425.2,41453.9,
2023-03-09T12:45:00+05:30,41454.05,41482.55,41431.7,41438.75,
2023-03-09T12:50:00+05:30,41438.85,41486.15,41438.85,41469.65,
2023-03-09T12:55:00+05:30,41468.9,41488.95,41455.7,41485,
2023-03-09T13:00:00+05:30,41483.5,41493.6,41470.9,41473.7,
2023-03-09T13:05:00+05:30,41473.1,41488.95,41455.85,41463.4,
2023-03-09T13:10:00+05:30,41461.7,41467.9,41451.35,41454.2,
2023-03-09T13:15:00+05:30,41457.25,41486.3,41443.3,41458,
2023-03-09T13:20:00+05:30,41458.5,41504.7,41445.8,41460.05,
2023-03-09T13:25:00+05:30,41461.8,41499.8,41458.25,41499.1,
2023-03-09T13:30:00+05:30,41498.6,41498.6,41460.85,41460.85,
2023-03-09T13:35:00+05:30,41464.6,41472.3,41419.95,41427.75,
2023-03-09T13:40:00+05:30,41429.2,41446.6,41373,41389.7,
2023-03-09T13:45:00+05:30,41388.55,41393.65,41362.7,41372.85,
2023-03-09T13:50:00+05:30,41374.25,41382.75,41351.2,41376.8,
2023-03-09T13:55:00+05:30,41377.3,41406.55,41376.8,41384.15,
2023-03-09T14:00:00+05:30,41381.75,41417.9,41374.75,41413.55,
2023-03-09T14:05:00+05:30,41416.45,41431.55,41396.95,41402.6,
2023-03-09T14:10:00+05:30,41404,41410.9,41384,41385.65,
2023-03-09T14:15:00+05:30,41385.55,41392.45,41366.5,41372.8,
2023-03-09T14:20:00+05:30,41372.75,41405.3,41360.75,41391.45,
2023-03-09T14:25:00+05:30,41393.35,41414.6,41383.1,41391.6,
2023-03-09T14:30:00+05:30,41396.25,41403.2,41352,41354,
2023-03-09T14:35:00+05:30,41356.85,41397.45,41348.25,41365.55,
2023-03-09T14:40:00+05:30,41369.05,41386.05,41366.45,41380.7,
2023-03-09T14:45:00+05:30,41382.55,41386.4,41337.8,41337.8,
2023-03-09T14:50:00+05:30,41337.6,41339.25,41292.8,41313.4,
2023-03-09T14:55:00+05:30,41315.65,41315.75,41295.1,41305.85,
2023-03-09T15:00:00+05:30,41308.6,41323.15,41265.3,41301.15,
2023-03-09T15:05:00+05:30,41303.65,41312.6,41273.3,41286.2,
2023-03-09T15:10:00+05:30,41287.15,41296.25,41243.35,41243.35,
2023-03-09T15:15:00+05:30,41244.8,41248.7,41209.15,41216.45,
2023-03-09T15:20:00+05:30,41216.85,41265,41216.85,41263.8,
2023-03-09T15:25:00+05:30,41262.8,41272.1,41225.65,41227.9,
2023-03-10T09:15:00+05:30,40805.25,40811.2,40594.35,40610.3,
2023-03-10T09:20:00+05:30,40610.9,40613.75,40516.4,40554.55,
2023-03-10T09:25:00+05:30,40559.65,40599.95,40540.6,40575.15,
2023-03-10T09:30:00+05:30,40578.45,40578.45,40467.8,40472.75,
2023-03-10T09:35:00+05:30,40466.35,40482.8,40430.95,40447,
2023-03-10T09:40:00+05:30,40445.55,40474.65,40394.75,40423.8,
2023-03-10T09:45:00+05:30,40426.05,40492.8,40410.75,40456.3,
2023-03-10T09:50:00+05:30,40456.25,40506,40449,40486.6,
2023-03-10T09:55:00+05:30,40484.2,40522.4,40477.55,40518.8,
2023-03-10T10:00:00+05:30,40520.05,40564.9,40499.45,40532.5,
2023-03-10T10:05:00+05:30,40532.4,40553.2,40517.05,40547.9,
2023-03-10T10:10:00+05:30,40551.05,40565.45,40523.95,40540.15,
2023-03-10T10:15:00+05:30,40540.7,40621.85,40501.5,40608.4,
2023-03-10T10:20:00+05:30,40611.4,40659.5,40580.7,40590.9,
2023-03-10T10:25:00+05:30,40593.1,40616.65,40550.4,40587.9,
2023-03-10T10:30:00+05:30,40586.1,40595.8,40516.8,40595.3,
2023-03-10T10:35:00+05:30,40595.05,40599.6,40569.65,40584.1,
2023-03-10T10:40:00+05:30,40583.05,40595.05,40572.65,40581.25,
2023-03-10T10:45:00+05:30,40580.15,40614.1,40578.65,40595.4,
2023-03-10T10:50:00+05:30,40594.45,40627.8,40573.2,40577.9,
2023-03-10T10:55:00+05:30,40575.65,40594.75,40567.2,40577.8,
2023-03-10T11:00:00+05:30,40576.95,40581.3,40543.5,40561.55,
2023-03-10T11:05:00+05:30,40559.85,40616.3,40538.95,40613.3,
2023-03-10T11:10:00+05:30,40616.8,40617.35,40542.75,40586.35,
2023-03-10T11:15:00+05:30,40592.7,40603.95,40567.65,40567.65,
2023-03-10T11:20:00+05:30,40572.25,40624.6,40558.4,40611.25,
2023-03-10T11:25:00+05:30,40608.85,40610.95,40567.9,40594.75,
2023-03-10T11:30:00+05:30,40597.2,40610.6,40563.25,40593.1,
2023-03-10T11:35:00+05:30,40593.65,40629.2,40565.6,40582.9,
2023-03-10T11:40:00+05:30,40583.95,40594.8,40566.85,40571.05,
2023-03-10T11:45:00+05:30,40567.4,40584.95,40553.1,40574.3,
2023-03-10T11:50:00+05:30,40573.75,40594.5,40566.2,40576.55,
2023-03-10T11:55:00+05:30,40580.3,40605.55,40571.75,40571.75,
2023-03-10T12:00:00+05:30,40570.55,40576.15,40523.3,40557.2,
2023-03-10T12:05:00+05:30,40557.15,40560.55,40542.65,40545.05,
2023-03-10T12:10:00+05:30,40546.5,40574.5,40506.1,40509.15,
2023-03-10T12:15:00+05:30,40507.05,40547.15,40458.4,40472,
2023-03-10T12:20:00+05:30,40472.95,40482.4,40459.7,40465.35,
2023-03-10T12:25:00+05:30,40464.55,40490.75,40462.7,40469.15,
2023-03-10T12:30:00+05:30,40471.45,40478.8,40421.7,40437.4,
2023-03-10T12:35:00+05:30,40434.55,40461.4,40423.35,40441.65,
2023-03-10T12:40:00+05:30,40441.55,40494.25,40432.65,40472.35,
2023-03-10T12:45:00+05:30,40476.9,40507.1,40467,40497.65,
2023-03-10T12:50:00+05:30,40497.9,40498.5,40477,40484.35,
2023-03-10T12:55:00+05:30,40487.1,40496.1,40477.45,40493.35,
2023-03-10T13:00:00+05:30,40507.75,40562.4,40507.75,40561.55,
2023-03-10T13:05:00+05:30,40561.05,40570.05,40534.5,40548.75,
2023-03-10T13:10:00+05:30,40548.4,40572.5,40526.9,40528,
2023-03-10T13:15:00+05:30,40526.3,40536.9,40496.9,40502.55,
2023-03-10T13:20:00+05:30,40503.8,40526.2,40470.1,40479.55,
2023-03-10T13:25:00+05:30,40479.3,40494.25,40471.15,40489.35,
2023-03-10T13:30:00+05:30,40489.25,40496.3,40451.55,40461.3,
2023-03-10T13:35:00+05:30,40462.35,40483.65,40434.35,40459.55,
2023-03-10T13:40:00+05:30,40464.2,40475.65,40434.05,40442.05,
2023-03-10T13:45:00+05:30,40443.4,40443.4,40394.05,40404.3,
2023-03-10T13:50:00+05:30,40407.25,40480.3,40404.5,40438.15,
2023-03-10T13:55:00+05:30,40446.3,40481.8,40434.7,40449.25,
2023-03-10T14:00:00+05:30,40449.4,40463.1,40400.2,40419.8,
2023-03-10T14:05:00+05:30,40421.5,40477.05,40414.4,40477.05,
2023-03-10T14:10:00+05:30,40473.2,40497.05,40451.15,40451.7,
2023-03-10T14:15:00+05:30,40451.7,40472.7,40428.9,40436.15,
2023-03-10T14:20:00+05:30,40437.6,40442.2,40415.2,40420.45,
2023-03-10T14:25:00+05:30,40423.2,40435.65,40397.55,40404.4,
2023-03-10T14:30:00+05:30,40403.4,40449.65,40397.1,40426.2,
2023-03-10T14:35:00+05:30,40423.7,40429.15,40380.4,40427.25,
2023-03-10T14:40:00+05:30,40421.45,40443.7,40398.95,40425.45,
2023-03-10T14:45:00+05:30,40429.9,40430.25,40397.7,40399.15,
2023-03-10T14:50:00+05:30,40398.45,40428.95,40345.4,40364.45,
2023-03-10T14:55:00+05:30,40363.25,40401.65,40345.7,40397.15,
2023-03-10T15:00:00+05:30,40407.7,40487.2,40407.7,40487.2,
2023-03-10T15:05:00+05:30,40488.25,40510,40470.45,40504.95,
2023-03-10T15:10:00+05:30,40506.15,40517.25,40469.05,40489.9,
2023-03-10T15:15:00+05:30,40488.9,40492.65,40472.3,40490.15,
2023-03-10T15:20:00+05:30,40489.1,40523.15,40477.65,40518.25,
2023-03-10T15:25:00+05:30,40518.4,40519.3,40473.2,40488.75,
2023-03-13T09:15:00+05:30,40356.1,40543.95,40348.15,40543.95,
2023-03-13T09:20:00+05:30,40542.2,40622.8,40532.1,40620.25,
2023-03-13T09:25:00+05:30,40626.85,40629.65,40564.9,40580.65,
2023-03-13T09:30:00+05:30,40581.1,40687.75,40578.05,40606.1,
2023-03-13T09:35:00+05:30,40604.6,40604.7,40523.95,40566.85,
2023-03-13T09:40:00+05:30,40572.75,40572.75,40447.75,40491.65,
2023-03-13T09:45:00+05:30,40494.1,40497.7,40386.55,40473.4,
2023-03-13T09:50:00+05:30,40484.8,40484.8,40446.9,40471.6,
2023-03-13T09:55:00+05:30,40473.6,40571.35,40469.05,40532.65,
2023-03-13T10:00:00+05:30,40533.15,40594.6,40517.9,40563.1,
2023-03-13T10:05:00+05:30,40560.6,40568.5,40505.95,40510.65,
2023-03-13T10:10:00+05:30,40509.6,40588.35,40502.95,40504,
2023-03-13T10:15:00+05:30,40500.8,40539.1,40487.95,40512.65,
2023-03-13T10:20:00+05:30,40513.85,40540.1,40501.3,40510.2,
2023-03-13T10:25:00+05:30,40510.35,40525.55,40448.1,40448.1,
2023-03-13T10:30:00+05:30,40445.9,40489.85,40416.35,40472.75,
2023-03-13T10:35:00+05:30,40476,40488.75,40448.6,40458.35,
2023-03-13T10:40:00+05:30,40457.65,40516,40449.55,40480.1,
2023-03-13T10:45:00+05:30,40482.95,40515.95,40472.4,40495.25,
2023-03-13T10:50:00+05:30,40494.75,40504.45,40478.05,40482.5,
2023-03-13T10:55:00+05:30,40483.55,40483.95,40450.9,40482.2,
2023-03-13T11:00:00+05:30,40475.9,40484.75,40418.35,40421.05,
2023-03-13T11:05:00+05:30,40421,40425.55,40335.35,40402.65,
2023-03-13T11:10:00+05:30,40403.8,40421.8,40343.7,40369.35,
2023-03-13T11:15:00+05:30,40364.15,40421.8,40349.5,40386.1,
2023-03-13T11:20:00+05:30,40388.75,40395.7,40327.2,40351.55,
2023-03-13T11:25:00+05:30,40360.45,40372.6,40306.15,40354,
2023-03-13T11:30:00+05:30,40350.8,40355.15,40223.25,40228.3,
2023-03-13T11:35:00+05:30,40224.8,40272.55,40198.25,40268.25,
2023-03-13T11:40:00+05:30,40265.85,40271.2,40223.5,40236.1,
2023-03-13T11:45:00+05:30,40233.85,40250.8,40206.3,40226.6,
2023-03-13T11:50:00+05:30,40224.55,40249.65,40160.25,40160.25,
2023-03-13T11:55:00+05:30,40157.1,40238.15,40157.1,40229.95,
2023-03-13T12:00:00+05:30,40233.4,40244.25,40177.7,40191.1,
2023-03-13T12:05:00+05:30,40190.95,40192.25,40153.1,40181.8,
2023-03-13T12:10:00+05:30,40177.55,40184.65,40161.4,40178.5,
2023-03-13T12:15:00+05:30,40179.85,40187.55,40113.85,40133.9,
2023-03-13T12:20:00+05:30,40137.25,40199.3,40097.7,40170.6,
2023-03-13T12:25:00+05:30,40168.8,40168.85,40127.95,40144.9,
2023-03-13T12:30:00+05:30,40141.5,40145.7,40089.75,40134.65,
2023-03-13T12:35:00+05:30,40134.4,40152,40081,40083.3,
2023-03-13T12:40:00+05:30,40083,40129.95,40036.7,40043.05,
2023-03-13T12:45:00+05:30,40036,40048,39927.5,39968.4,
2023-03-13T12:50:00+05:30,39971,40041.3,39958.5,40009.2,
2023-03-13T12:55:00+05:30,40011.65,40031.55,39932.8,39936.5,
2023-03-13T13:00:00+05:30,39938.2,39989.65,39932.8,39959.35,
2023-03-13T13:05:00+05:30,39962.65,39991.9,39952.65,39962.05,
2023-03-13T13:10:00+05:30,39962.35,39971.4,39907.9,39909.4,
2023-03-13T13:15:00+05:30,39913.4,39987.8,39905.65,39947,
2023-03-13T13:20:00+05:30,39947.45,39963,39908.5,39912.05,
2023-03-13T13:25:00+05:30,39909.7,39911.45,39851.25,39887.15,
2023-03-13T13:30:00+05:30,39886.65,39893.3,39799.45,39808.05,
2023-03-13T13:35:00+05:30,39808.25,39840.05,39714.05,39727.7,
2023-03-13T13:40:00+05:30,39727.15,39745.85,39681.45,39718.65,
2023-03-13T13:45:00+05:30,39721,39782,39689.8,39762.4,
2023-03-13T13:50:00+05:30,39766.85,39788.45,39734.4,39761.3,
2023-03-13T13:55:00+05:30,39763.75,39764.5,39684.05,39686.55,
2023-03-13T14:00:00+05:30,39690.35,39754.15,39659.15,39734.4,
2023-03-13T14:05:00+05:30,39738,39762.25,39690.8,39727.45,
2023-03-13T14:10:00+05:30,39733.8,39733.9,39669.2,39683.15,
2023-03-13T14:15:00+05:30,39686,39708,39651.85,39665.3,
2023-03-13T14:20:00+05:30,39663.7,39665.6,39613.55,39642.75,
2023-03-13T14:25:00+05:30,39646.7,39672.9,39619.15,39646.9,
2023-03-13T14:30:00+05:30,39644.5,39664.55,39551.9,39551.9,
2023-03-13T14:35:00+05:30,39551.45,39597.7,39535.45,39557.9,
2023-03-13T14:40:00+05:30,39560.1,39638.15,39550.7,39629.35,
2023-03-13T14:45:00+05:30,39630.1,39690.55,39593.05,39595.1,
2023-03-13T14:50:00+05:30,39596.7,39614.65,39579.3,39585.8,
2023-03-13T14:55:00+05:30,39587.05,39612.55,39544.55,39579.75,
2023-03-13T15:00:00+05:30,39580.6,39655.65,39548.4,39582.65,
2023-03-13T15:05:00+05:30,39583.55,39589.9,39457,39478.35,
2023-03-13T15:10:00+05:30,39491.1,39527.25,39490.6,39497.5,
2023-03-13T15:15:00+05:30,39502.9,39538.15,39502.9,39529.3,
2023-03-13T15:20:00+05:30,39530.4,39676.4,39528.2,39676.3,
2023-03-13T15:25:00+05:30,39673.65,39684.65,39611.05,39627,
2023-03-14T09:15:00+05:30,39522.4,39637.45,39440.1,39503.8,
2023-03-14T09:20:00+05:30,39505.85,39546.15,39326.8,39362.05,
2023-03-14T09:25:00+05:30,39352.3,39587.1,39328,39576.4,
2023-03-14T09:30:00+05:30,39570.15,39765.7,39570.15,39687.9,
2023-03-14T09:35:00+05:30,39684.3,39742.45,39601.75,39645.8,
2023-03-14T09:40:00+05:30,39648.7,39662.45,39524.8,39539.3,
2023-03-14T09:45:00+05:30,39545.85,39641.55,39499.35,39636.4,
2023-03-14T09:50:00+05:30,39636.75,39689.85,39590.6,39629.95,
2023-03-14T09:55:00+05:30,39626.7,39668.8,39583.15,39613.8,
2023-03-14T10:00:00+05:30,39612.6,39624.25,39533.85,39550.2,
2023-03-14T10:05:00+05:30,39548.15,39585.6,39497.45,39497.45,
2023-03-14T10:10:00+05:30,39502.65,39552.45,39495.15,39509.55,
2023-03-14T10:15:00+05:30,39507.85,39520.25,39402.15,39407,
2023-03-14T10:20:00+05:30,39405.5,39422.45,39295.8,39297.4,
2023-03-14T10:25:00+05:30,39289.65,39373.9,39285.25,39303.25,
2023-03-14T10:30:00+05:30,39304.5,39316.6,39221.45,39276.6,
2023-03-14T10:35:00+05:30,39269.35,39300.4,39241.8,39275.25,
2023-03-14T10:40:00+05:30,39275.4,39348.8,39270.9,39321.5,
2023-03-14T10:45:00+05:30,39320.1,39399.15,39313.65,39314.9,
2023-03-14T10:50:00+05:30,39314.45,39323.65,39251.4,39264.65,
2023-03-14T10:55:00+05:30,39264.95,39291.35,39242.65,39285.2,
2023-03-14T11:00:00+05:30,39280,39280,39215.65,39232.55,
2023-03-14T11:05:00+05:30,39232.8,39267.95,39198.5,39221.1,
2023-03-14T11:10:00+05:30,39221.05,39269.25,39173.6,39185.1,
2023-03-14T11:15:00+05:30,39190.15,39190.15,39138.2,39142.5,
2023-03-14T11:20:00+05:30,39141.65,39209.4,39136.15,39173.15,
2023-03-14T11:25:00+05:30,39174.6,39243.75,39172.85,39217.55,
2023-03-14T11:30:00+05:30,39221.65,39234.75,39191.55,39221.45,
2023-03-14T11:35:00+05:30,39221.6,39313.4,39210.4,39295.4,
2023-03-14T11:40:00+05:30,39292.7,39305.2,39243.8,39262.2,
2023-03-14T11:45:00+05:30,39258.55,39258.55,39176.1,39178.8,
2023-03-14T11:50:00+05:30,39181.2,39217.3,39181.2,39187.45,
2023-03-14T11:55:00+05:30,39191.8,39246.85,39180.35,39200,
2023-03-14T12:00:00+05:30,39201.45,39213.05,39152.95,39173.5,
2023-03-14T12:05:00+05:30,39170.45,39232.25,39169.85,39210.55,
2023-03-14T12:10:00+05:30,39210.1,39236.65,39200.2,39227.9,
2023-03-14T12:15:00+05:30,39229.05,39268.65,39215,39238.75,
2023-03-14T12:20:00+05:30,39239,39377.8,39236.8,39346.55,
2023-03-14T12:25:00+05:30,39351,39584.9,39349.2,39525.7,
2023-03-14T12:30:00+05:30,39517.3,39662.65,39517.3,39555.3,
2023-03-14T12:35:00+05:30,39556.95,39617.85,39525.75,39588.4,
2023-03-14T12:40:00+05:30,39584.3,39593.15,39441,39479.8,
2023-03-14T12:45:00+05:30,39480.2,39480.2,39403.9,39443.35,
2023-03-14T12:50:00+05:30,39445.3,39499.25,39418.75,39431.75,
2023-03-14T12:55:00+05:30,39432.2,39452.2,39310.4,39337.5,
2023-03-14T13:00:00+05:30,39336.95,39339.85,39248.85,39269.15,
2023-03-14T13:05:00+05:30,39268.1,39328.6,39261.95,39269.35,
2023-03-14T13:10:00+05:30,39266.15,39310.75,39264.7,39300.5,
2023-03-14T13:15:00+05:30,39297.9,39299.25,39229.4,39278.4,
2023-03-14T13:20:00+05:30,39274.75,39312.85,39249.75,39289.4,
2023-03-14T13:25:00+05:30,39287.75,39449.5,39280.2,39447.2,
2023-03-14T13:30:00+05:30,39445.95,39543.75,39391.15,39433.8,
2023-03-14T13:35:00+05:30,39433.15,39446.15,39362.1,39446.15,
2023-03-14T13:40:00+05:30,39445.65,39465.85,39367.65,39411.15,
2023-03-14T13:45:00+05:30,39409.75,39459.8,39374.45,39386.45,
2023-03-14T13:50:00+05:30,39385.35,39396.65,39299.85,39323.7,
2023-03-14T13:55:00+05:30,39324.1,39379.65,39309.9,39374.2,
2023-03-14T14:00:00+05:30,39374.15,39416.4,39336.4,39339.05,
2023-03-14T14:05:00+05:30,39339.65,39386.1,39329.45,39364.75,
2023-03-14T14:10:00+05:30,39364.8,39388.3,39337.35,39348.6,
2023-03-14T14:15:00+05:30,39350.3,39418.7,39242.3,39373.5,
2023-03-14T14:20:00+05:30,39374.5,39473.3,39363.1,39472.25,
2023-03-14T14:25:00+05:30,39477.7,39530.45,39433.2,39474.55,
2023-03-14T14:30:00+05:30,39479.6,39525.4,39435.8,39478.3,
2023-03-14T14:35:00+05:30,39481.75,39507.9,39419.85,39419.85,
2023-03-14T14:40:00+05:30,39418.85,39463.25,39399.5,39460.7,
2023-03-14T14:45:00+05:30,39468.4,39475.45,39423.6,39455.95,
2023-03-14T14:50:00+05:30,39456.05,39476.1,39413.15,39420.9,
2023-03-14T14:55:00+05:30,39419.05,39507.5,39407.8,39476.8,
2023-03-14T15:00:00+05:30,39475.45,39540.75,39350.65,39363,
2023-03-14T15:05:00+05:30,39367.7,39413.25,39356.1,39396.85,
2023-03-14T15:10:00+05:30,39399.7,39463.05,39389.7,39463.05,
2023-03-14T15:15:00+05:30,39462.35,39462.7,39335.65,39376.6,
2023-03-14T15:20:00+05:30,39376.75,39412.45,39369.2,39406.4,
2023-03-14T15:25:00+05:30,39405.6,39481.35,39399.9,39481.35,
2023-03-15T09:15:00+05:30,39777.9,39909.75,39777.9,39864.9,
2023-03-15T09:20:00+05:30,39867.9,39867.9,39750.65,39777.65,
2023-03-15T09:25:00+05:30,39778.45,39822.5,39715.35,39811.15,
2023-03-15T09:30:00+05:30,39813.7,39847.95,39739.8,39766.05,
2023-03-15T09:35:00+05:30,39768.9,39797.6,39692.3,39693.45,
2023-03-15T09:40:00+05:30,39691.9,39710,39654.5,39697.25,
2023-03-15T09:45:00+05:30,39696.5,39767.15,39693.8,39766.95,
2023-03-15T09:50:00+05:30,39768.5,39772.55,39714.65,39717.75,
2023-03-15T09:55:00+05:30,39718.1,39749.1,39675.1,39709.45,
2023-03-15T10:00:00+05:30,39710.5,39732.3,39664.55,39689.75,
2023-03-15T10:05:00+05:30,39691.3,39726.7,39643.1,39643.1,
2023-03-15T10:10:00+05:30,39634.25,39698.35,39628.3,39696.85,
2023-03-15T10:15:00+05:30,39697.8,39731.95,39658.65,39689.7,
2023-03-15T10:20:00+05:30,39688.15,39742.65,39672.15,39687.9,
2023-03-15T10:25:00+05:30,39687.8,39719.75,39651.75,39653.6,
2023-03-15T10:30:00+05:30,39653.5,39678.35,39590.65,39596.5,
2023-03-15T10:35:00+05:30,39592.15,39621.8,39581.05,39598.25,
2023-03-15T10:40:00+05:30,39600.7,39604.9,39556.35,39563.3,
2023-03-15T10:45:00+05:30,39563,39574.7,39523.9,39547.25,
2023-03-15T10:50:00+05:30,39545.45,39570.35,39535.15,39541.65,
2023-03-15T10:55:00+05:30,39544.65,39566.35,39539,39560.15,
2023-03-15T11:00:00+05:30,39561,39599.4,39559.7,39580.85,
2023-03-15T11:05:00+05:30,39581.3,39581.9,39504.65,39540.95,
2023-03-15T11:10:00+05:30,39544.2,39582.5,39528.45,39550.9,
2023-03-15T11:15:00+05:30,39551.3,39619.2,39545.6,39616.75,
2023-03-15T11:20:00+05:30,39619.1,39667.75,39590.4,39662.9,
2023-03-15T11:25:00+05:30,39667.55,39687.5,39633.45,39658.7,
2023-03-15T11:30:00+05:30,39658.25,39702.6,39646.9,39646.9,
2023-03-15T11:35:00+05:30,39647.1,39675.4,39609.4,39674.1,
2023-03-15T11:40:00+05:30,39672.4,39676.2,39628.15,39640.65,
2023-03-15T11:45:00+05:30,39641.8,39657.05,39630.05,39643.85,
2023-03-15T11:50:00+05:30,39644.3,39645.85,39606.3,39621.55,
2023-03-15T11:55:00+05:30,39621.05,39642.15,39585.15,39589.5,
2023-03-15T12:00:00+05:30,39593.95,39599.2,39539.6,39553.3,
2023-03-15T12:05:00+05:30,39553.7,39571.2,39533.65,39555.1,
2023-03-15T12:10:00+05:30,39556.55,39571.9,39526.3,39527.7,
2023-03-15T12:15:00+05:30,39528.95,39549.3,39509.85,39514.45,
2023-03-15T12:20:00+05:30,39513.1,39525.5,39465.8,39514.85,
2023-03-15T12:25:00+05:30,39520.2,39536.95,39473.55,39482.3,
2023-03-15T12:30:00+05:30,39482.65,39489.25,39425.95,39481.45,
2023-03-15T12:35:00+05:30,39485.3,39527.7,39440.05,39510.95,
2023-03-15T12:40:00+05:30,39513.75,39524.15,39479.65,39513.5,
2023-03-15T12:45:00+05:30,39512.1,39530.6,39471.25,39490.35,
2023-03-15T12:50:00+05:30,39486.1,39486.1,39394.4,39411.65,
2023-03-15T12:55:00+05:30,39409,39438.75,39374.05,39391.75,
2023-03-15T13:00:00+05:30,39390.75,39408.15,39310.8,39348.75,
2023-03-15T13:05:00+05:30,39347.55,39421.5,39347.55,39413.75,
2023-03-15T13:10:00+05:30,39415.9,39433.1,39339.95,39342,
2023-03-15T13:15:00+05:30,39341.15,39361.5,39316.5,39339.7,
2023-03-15T13:20:00+05:30,39339.65,39363.25,39296.55,39324.9,
2023-03-15T13:25:00+05:30,39324.05,39345.7,39296.4,39328.9,
2023-03-15T13:30:00+05:30,39331.25,39339.2,39297.55,39332.95,
2023-03-15T13:35:00+05:30,39336.8,39351.15,39301.6,39312.6,
2023-03-15T13:40:00+05:30,39314.7,39453.05,39295.65,39423.7,
2023-03-15T13:45:00+05:30,39442.55,39442.55,39372.2,39380.15,
2023-03-15T13:50:00+05:30,39377.45,39382.6,39258.85,39264.8,
2023-03-15T13:55:00+05:30,39263.6,39275.95,39235.35,39237.9,
2023-03-15T14:00:00+05:30,39238.85,39276.9,39229.7,39274.15,
2023-03-15T14:05:00+05:30,39273.95,39333.05,39257.65,39311.2,
2023-03-15T14:10:00+05:30,39315.95,39347.15,39283.05,39283.4,
2023-03-15T14:15:00+05:30,39284.5,39340.85,39284.5,39325.7,
2023-03-15T14:20:00+05:30,39330.5,39337.85,39238.75,39264.4,
2023-03-15T14:25:00+05:30,39267.1,39278.4,39246.65,39247.75,
2023-03-15T14:30:00+05:30,39249.55,39300.65,39241.95,39261.8,
2023-03-15T14:35:00+05:30,39263.4,39268.7,39201.7,39201.7,
2023-03-15T14:40:00+05:30,39202.95,39225,39173.2,39177.4,
2023-03-15T14:45:00+05:30,39181,39201.85,39165.8,39195.45,
2023-03-15T14:50:00+05:30,39192.45,39223.6,39160.8,39167.45,
2023-03-15T14:55:00+05:30,39172.15,39231.25,39141.35,39203.45,
2023-03-15T15:00:00+05:30,39202.8,39216.6,39155,39164.35,
2023-03-15T15:05:00+05:30,39162.3,39166.3,39056.85,39089.05,
2023-03-15T15:10:00+05:30,39088.25,39102.4,39018.35,39038.05,
2023-03-15T15:15:00+05:30,39039.1,39058.4,38938.95,38957.45,
2023-03-15T15:20:00+05:30,38957.6,39043.4,38957.6,39010.3,
2023-03-15T15:25:00+05:30,39009.2,39044.4,38997.85,39020.8,
2023-03-16T09:15:00+05:30,39061.7,39061.7,38851.75,38944.95,
2023-03-16T09:20:00+05:30,38947.55,39090.4,38935.95,39005.95,
2023-03-16T09:25:00+05:30,39006.3,39026.45,38866.9,38878.4,
2023-03-16T09:30:00+05:30,38879.45,38889.55,38812.1,38812.1,
2023-03-16T09:35:00+05:30,38807.2,38818.25,38756,38786.05,
2023-03-16T09:40:00+05:30,38783.05,38828.05,38706.75,38714.35,
2023-03-16T09:45:00+05:30,38714.95,38738.1,38669.2,38734.7,
2023-03-16T09:50:00+05:30,38735.95,38757.05,38648.6,38749,
2023-03-16T09:55:00+05:30,38750.8,38807.35,38718.1,38739.15,
2023-03-16T10:00:00+05:30,38737.8,38740.9,38660.3,38670.9,
2023-03-16T10:05:00+05:30,38668.85,38679.95,38617.8,38618.95,
2023-03-16T10:10:00+05:30,38628.6,38674.75,38618.3,38666.3,
2023-03-16T10:15:00+05:30,38668.15,38745.8,38649.6,38743.35,
2023-03-16T10:20:00+05:30,38744.6,38958.15,38744.6,38892.85,
2023-03-16T10:25:00+05:30,38901.3,38940.95,38848.25,38878.45,
2023-03-16T10:30:00+05:30,38879.95,38908,38826.65,38858.85,
2023-03-16T10:35:00+05:30,38868.5,39042.7,38849.7,39028.15,
2023-03-16T10:40:00+05:30,39028.2,39087.45,38986.35,39046.3,
2023-03-16T10:45:00+05:30,39038.5,39046.35,38944.75,38960.5,
2023-03-16T10:50:00+05:30,38960.75,39127.25,38945.8,39127.25,
2023-03-16T10:55:00+05:30,39128.15,39162.2,39084.9,39121.1,
2023-03-16T11:00:00+05:30,39119.5,39191.45,39119.5,39164.25,
2023-03-16T11:05:00+05:30,39166,39235.65,39140.15,39235.65,
2023-03-16T11:10:00+05:30,39238,39263.4,39160.3,39162.85,
2023-03-16T11:15:00+05:30,39162.05,39193.15,39047.25,39087.05,
2023-03-16T11:20:00+05:30,39089.45,39152.55,39051.1,39124.65,
2023-03-16T11:25:00+05:30,39131.05,39203.9,39109.6,39127.6,
2023-03-16T11:30:00+05:30,39125.55,39144.2,39044.5,39073.2,
2023-03-16T11:35:00+05:30,39072.15,39075.05,39011.1,39042.95,
2023-03-16T11:40:00+05:30,39042,39102.8,39010.7,39059.2,
2023-03-16T11:45:00+05:30,39059.95,39086.5,38950.65,38954,
2023-03-16T11:50:00+05:30,38954.2,38966.3,38909,38921.65,
2023-03-16T11:55:00+05:30,38929.9,38964.55,38904,38938.1,
2023-03-16T12:00:00+05:30,38941.7,38985.95,38885.75,38905.55,
2023-03-16T12:05:00+05:30,38909.1,38942.4,38884.8,38886,
2023-03-16T12:10:00+05:30,38889.4,38899.55,38821.4,38828.5,
2023-03-16T12:15:00+05:30,38829.85,38846.15,38777.15,38799.9,
2023-03-16T12:20:00+05:30,38799.75,38840.55,38773.35,38794.35,
2023-03-16T12:25:00+05:30,38796.1,38849.1,38772.4,38795.95,
2023-03-16T12:30:00+05:30,38802.5,38803.8,38755.95,38790.85,
2023-03-16T12:35:00+05:30,38792.4,38892.9,38792.4,38873.4,
2023-03-16T12:40:00+05:30,38881.55,38924.75,38827.4,38840.9,
2023-03-16T12:45:00+05:30,38842.65,38870.75,38823.75,38869.8,
2023-03-16T12:50:00+05:30,38872.9,38881.15,38834.45,38855.5,
2023-03-16T12:55:00+05:30,38858.2,38921.7,38851,38901.95,
2023-03-16T13:00:00+05:30,38903.8,39015.8,38900.05,38966.3,
2023-03-16T13:05:00+05:30,38977.7,38979.85,38841.4,38870.75,
2023-03-16T13:10:00+05:30,38867.65,38956.45,38854.85,38954.8,
2023-03-16T13:15:00+05:30,38958.35,38959.3,38896.5,38917.35,
2023-03-16T13:20:00+05:30,38919.25,39006.6,38919.25,38978.7,
2023-03-16T13:25:00+05:30,38985.1,39025.65,38948.5,38977.5,
2023-03-16T13:30:00+05:30,38981,39109.45,38967.7,39103,
2023-03-16T13:35:00+05:30,39102.15,39108.45,39000.9,39046.75,
2023-03-16T13:40:00+05:30,39050.2,39071.4,38992.45,39008.6,
2023-03-16T13:45:00+05:30,39008.35,39008.35,38915.5,38944.95,
2023-03-16T13:50:00+05:30,38946.65,38946.65,38895.05,38936.25,
2023-03-16T13:55:00+05:30,38937.45,38998.6,38928.8,38933.05,
2023-03-16T14:00:00+05:30,38932.95,39041.8,38932.95,39030.85,
2023-03-16T14:05:00+05:30,39033.55,39106.7,39031.9,39067,
2023-03-16T14:10:00+05:30,39066.3,39216.55,39066.3,39202.2,
2023-03-16T14:15:00+05:30,39204.6,39274.7,39168.6,39197.4,
2023-03-16T14:20:00+05:30,39196.75,39330.7,39193.7,39330.7,
2023-03-16T14:25:00+05:30,39336.65,39381.05,39301.65,39347.55,
2023-03-16T14:30:00+05:30,39346.2,39362.6,39269.45,39278.8,
2023-03-16T14:35:00+05:30,39280.35,39311,39211.6,39294,
2023-03-16T14:40:00+05:30,39294.25,39331.65,39207.45,39220.1,
2023-03-16T14:45:00+05:30,39220.6,39248.05,39151.65,39153.8,
2023-03-16T14:50:00+05:30,39154.35,39156.65,39042,39087.55,
2023-03-16T14:55:00+05:30,39085,39120.45,39050.5,39097.4,
2023-03-16T15:00:00+05:30,39098.35,39153.2,38990.25,39150.75,
2023-03-16T15:05:00+05:30,39164.15,39165,39058.45,39063.55,
2023-03-16T15:10:00+05:30,39062.7,39112.9,39052.4,39100.25,
2023-03-16T15:15:00+05:30,39102.3,39233.95,39097.35,39233.4,
2023-03-16T15:20:00+05:30,39230.4,39236.55,39164.05,39172.9,
2023-03-16T15:25:00+05:30,39174.35,39219.45,39163.5,39210.1,
2023-03-17T09:15:00+05:30,39442.4,39597.2,39414.55,39432,
2023-03-17T09:20:00+05:30,39431.85,39465.65,39378.5,39444,
2023-03-17T09:25:00+05:30,39442.7,39516.55,39369.15,39455.9,
2023-03-17T09:30:00+05:30,39457.75,39477.9,39350.2,39361.35,
2023-03-17T09:35:00+05:30,39360.6,39386.8,39305,39322.85,
2023-03-17T09:40:00+05:30,39321.45,39384,39299.8,39307.95,
2023-03-17T09:45:00+05:30,39311.1,39343,39279.95,39317.35,
2023-03-17T09:50:00+05:30,39314.05,39404.9,39312.5,39404.1,
2023-03-17T09:55:00+05:30,39401.8,39404.8,39247.85,39251.5,
2023-03-17T10:00:00+05:30,39244.9,39271.35,39222.65,39269.5,
2023-03-17T10:05:00+05:30,39266.45,39295.75,39222.85,39261.2,
2023-03-17T10:10:00+05:30,39261.8,39289.1,39222.75,39254.1,
2023-03-17T10:15:00+05:30,39246.3,39339.75,39226.6,39226.6,
2023-03-17T10:20:00+05:30,39224.55,39266.6,39189.55,39195.55,
2023-03-17T10:25:00+05:30,39190.5,39238.25,39173.5,39196.65,
2023-03-17T10:30:00+05:30,39196.6,39277.55,39193.85,39223.4,
2023-03-17T10:35:00+05:30,39220.4,39270.15,39218.2,39228.3,
2023-03-17T10:40:00+05:30,39230.2,39277.25,39222.8,39254.95,
2023-03-17T10:45:00+05:30,39250.5,39269.6,39189.9,39204.6,
2023-03-17T10:50:00+05:30,39203.55,39211.85,39149.25,39188.35,
2023-03-17T10:55:00+05:30,39186.5,39223.2,39179.2,39200.9,
2023-03-17T11:00:00+05:30,39195.2,39222.15,39176.35,39176.35,
2023-03-17T11:05:00+05:30,39177.6,39190.85,39149.35,39149.35,
2023-03-17T11:10:00+05:30,39147.3,39155.7,39096.45,39097.95,
2023-03-17T11:15:00+05:30,39098.6,39138.6,39082.05,39103.9,
2023-03-17T11:20:00+05:30,39102.8,39114.15,39086.3,39111.9,
2023-03-17T11:25:00+05:30,39110.15,39168.55,39109.1,39121.15,
2023-03-17T11:30:00+05:30,39117.1,39118.95,39049.9,39078.8,
2023-03-17T11:35:00+05:30,39078.7,39079.9,39054.15,39055.8,
2023-03-17T11:40:00+05:30,39054.95,39106.5,39030.3,39100.25,
2023-03-17T11:45:00+05:30,39097.5,39197.8,39073.25,39113.95,
2023-03-17T11:50:00+05:30,39117,39184.4,39102.35,39169.35,
2023-03-17T11:55:00+05:30,39173.6,39196.75,39147.5,39167.55,
2023-03-17T12:00:00+05:30,39165.85,39223.6,39106.25,39110.2,
2023-03-17T12:05:00+05:30,39114.55,39129.15,39039.25,39040.1,
2023-03-17T12:10:00+05:30,39039.7,39061.5,38988.9,39019.9,
2023-03-17T12:15:00+05:30,39022.15,39043.25,38967.7,38980.2,
2023-03-17T12:20:00+05:30,38983.3,39012.3,38952.95,38992.65,
2023-03-17T12:25:00+05:30,38995.35,39029.2,38964.2,38999.55,
2023-03-17T12:30:00+05:30,38997.35,39033.85,38969.3,38970.45,
2023-03-17T12:35:00+05:30,38966.65,39024.75,38951.9,38997.5,
2023-03-17T12:40:00+05:30,38998.15,39027,38991,39006.5,
2023-03-17T12:45:00+05:30,39005.45,39097.2,39004,39072.7,
2023-03-17T12:50:00+05:30,39071.2,39088.85,38992.8,38996.15,
2023-03-17T12:55:00+05:30,38992.9,39039.95,38992.9,39015.35,
2023-03-17T13:00:00+05:30,39015.1,39015.9,38929.85,38963.35,
2023-03-17T13:05:00+05:30,38959.25,39047.8,38959.25,39023.7,
2023-03-17T13:10:00+05:30,39015.2,39082.55,39003.55,39061.2,
2023-03-17T13:15:00+05:30,39056.85,39125.9,39011.55,39040.3,
2023-03-17T13:20:00+05:30,39040.25,39098,39025.05,39048.25,
2023-03-17T13:25:00+05:30,39047.4,39092.4,39039.3,39057.6,
2023-03-17T13:30:00+05:30,39054.55,39127.35,39047.95,39110.55,
2023-03-17T13:35:00+05:30,39114.1,39152,39082.25,39122.1,
2023-03-17T13:40:00+05:30,39118.85,39138.55,39060.5,39062.85,
2023-03-17T13:45:00+05:30,39063.2,39152.15,39061,39116.6,
2023-03-17T13:50:00+05:30,39117.65,39186.75,39114.3,39174.15,
2023-03-17T13:55:00+05:30,39171.85,39252.6,39171.85,39215.95,
2023-03-17T14:00:00+05:30,39216.35,39248.15,39178.1,39219.6,
2023-03-17T14:05:00+05:30,39219.55,39241.55,39171.5,39210.95,
2023-03-17T14:10:00+05:30,39212.85,39224.35,39168.6,39210.45,
2023-03-17T14:15:00+05:30,39212.55,39230.5,39157.35,39168.1,
2023-03-17T14:20:00+05:30,39166.65,39167.95,39116.8,39119,
2023-03-17T14:25:00+05:30,39125.35,39156.35,39082.05,39136.9,
2023-03-17T14:30:00+05:30,39134.4,39317.05,39134.4,39317.05,
2023-03-17T14:35:00+05:30,39322.65,39353.35,39285.95,39303.9,
2023-03-17T14:40:00+05:30,39310.9,39332.5,39256.6,39306.1,
2023-03-17T14:45:00+05:30,39299.95,39322.25,39258.9,39277.05,
2023-03-17T14:50:00+05:30,39275.65,39329.55,39223.6,39324.7,
2023-03-17T14:55:00+05:30,39324.95,39381.1,39312.05,39355.35,
2023-03-17T15:00:00+05:30,39366.2,39499.2,39366.2,39493.85,
2023-03-17T15:05:00+05:30,39491.5,39645.6,39468.3,39645.6,
2023-03-17T15:10:00+05:30,39655.7,39668.05,39580.9,39624.45,
2023-03-17T15:15:00+05:30,39622.25,39655.6,39606.1,39623.9,
2023-03-17T15:20:00+05:30,39624.95,39684.35,39607.15,39680.15,
2023-03-17T15:25:00+05:30,39675.7,39691.65,39651.05,39686.6,
2023-03-20T09:15:00+05:30,39512.1,39512.1,39243.4,39326.1,
2023-03-20T09:20:00+05:30,39322.35,39322.35,39196.7,39295.65,
2023-03-20T09:25:00+05:30,39292.85,39350.05,39257.95,39296.6,
2023-03-20T09:30:00+05:30,39292.55,39314.8,39229.05,39236.8,
2023-03-20T09:35:00+05:30,39239,39307,39213.05,39282.85,
2023-03-20T09:40:00+05:30,39284.75,39296.25,39240.95,39267.1,
2023-03-20T09:45:00+05:30,39268.4,39304.75,39244.15,39273.95,
2023-03-20T09:50:00+05:30,39272.45,39292.65,39192.55,39203.2,
2023-03-20T09:55:00+05:30,39206.2,39218.55,39130.5,39136.6,
2023-03-20T10:00:00+05:30,39138.85,39218.9,39119.9,39181.45,
2023-03-20T10:05:00+05:30,39180.9,39180.9,39132.85,39145.3,
2023-03-20T10:10:00+05:30,39150,39195.35,39128.1,39183.65,
2023-03-20T10:15:00+05:30,39184.15,39204.95,39128.8,39133.05,
2023-03-20T10:20:00+05:30,39130.35,39142.4,39077.3,39088.8,
2023-03-20T10:25:00+05:30,39089.5,39100.5,39065.75,39088.4,
2023-03-20T10:30:00+05:30,39086.1,39122.3,39036.05,39057.25,
2023-03-20T10:35:00+05:30,39058.35,39174.85,39057.75,39164.65,
2023-03-20T10:40:00+05:30,39164.15,39175.3,39105.65,39155.2,
2023-03-20T10:45:00+05:30,39155.05,39201.7,39119.85,39199.3,
2023-03-20T10:50:00+05:30,39201.6,39258.65,39200.2,39251.25,
2023-03-20T10:55:00+05:30,39256.3,39384.9,39256.3,39379.65,
2023-03-20T11:00:00+05:30,39375.95,39439.25,39318.05,39349.7,
2023-03-20T11:05:00+05:30,39349.45,39371.9,39257.7,39257.7,
2023-03-20T11:10:00+05:30,39255.25,39313.6,39243.6,39313.6,
2023-03-20T11:15:00+05:30,39316.55,39318.45,39243.05,39290.2,
2023-03-20T11:20:00+05:30,39285.35,39293.45,39248.9,39258.7,
2023-03-20T11:25:00+05:30,39258.35,39260.95,39206.9,39254.65,
2023-03-20T11:30:00+05:30,39254.45,39258.5,39207.65,39214.65,
2023-03-20T11:35:00+05:30,39207.4,39236.95,39197,39205.95,
2023-03-20T11:40:00+05:30,39203.85,39204.8,39164.25,39181.8,
2023-03-20T11:45:00+05:30,39179.75,39249.95,39169.3,39249.95,
2023-03-20T11:50:00+05:30,39252,39280.7,39195.5,39216.1,
2023-03-20T11:55:00+05:30,39212.8,39217.7,39141.35,39146.25,
2023-03-20T12:00:00+05:30,39146.7,39190.65,39123.3,39162.15,
2023-03-20T12:05:00+05:30,39166.85,39166.85,39088.25,39088.85,
2023-03-20T12:10:00+05:30,39088.95,39131.85,39059.15,39072.35,
2023-03-20T12:15:00+05:30,39074.9,39097.95,39050.75,39063.65,
2023-03-20T12:20:00+05:30,39066.75,39092.95,39034.65,39057.65,
2023-03-20T12:25:00+05:30,39055.55,39089.35,39015.1,39020.85,
2023-03-20T12:30:00+05:30,39024.3,39076.7,39014.5,39048.35,
2023-03-20T12:35:00+05:30,39053,39071.75,39015.6,39071.75,
2023-03-20T12:40:00+05:30,39071.15,39156.45,39022.65,39148,
2023-03-20T12:45:00+05:30,39153.3,39158.9,39098.65,39114.1,
2023-03-20T12:50:00+05:30,39113.5,39113.5,39031.15,39044.75,
2023-03-20T12:55:00+05:30,39044.1,39055.95,38989.55,39031.9,
2023-03-20T13:00:00+05:30,39021.15,39034.75,38977,38989.95,
2023-03-20T13:05:00+05:30,38990.85,39047.9,38990.85,39041.1,
2023-03-20T13:10:00+05:30,39042.1,39078.3,39020.8,39063,
2023-03-20T13:15:00+05:30,39058.65,39066.15,38980.55,38983.45,
2023-03-20T13:20:00+05:30,38983.65,39072.45,38959.5,39066.1,
2023-03-20T13:25:00+05:30,39060.25,39106.35,39014.05,39091.45,
2023-03-20T13:30:00+05:30,39092.05,39147.15,39071.95,39125.9,
2023-03-20T13:35:00+05:30,39125.45,39149.2,39061.3,39082.4,
2023-03-20T13:40:00+05:30,39078.95,39105.6,39016.25,39016.9,
2023-03-20T13:45:00+05:30,39019.75,39062.65,38969.2,38972.2,
2023-03-20T13:50:00+05:30,38954.05,39036.2,38943.35,39006.55,
2023-03-20T13:55:00+05:30,39005.7,39037.45,38968.65,38991.6,
2023-03-20T14:00:00+05:30,38990.7,39058.4,38984.7,39034.35,
2023-03-20T14:05:00+05:30,39029.3,39105.1,39029.3,39099.05,
2023-03-20T14:10:00+05:30,39102.8,39121.9,39077.5,39095.35,
2023-03-20T14:15:00+05:30,39094.75,39160.55,39040.8,39108.85,
2023-03-20T14:20:00+05:30,39115.7,39188.5,39115.7,39174.4,
2023-03-20T14:25:00+05:30,39176.15,39218.75,39162.8,39207.4,
2023-03-20T14:30:00+05:30,39216.65,39254.2,39185.95,39232.8,
2023-03-20T14:35:00+05:30,39231.6,39236,39160.55,39187.9,
2023-03-20T14:40:00+05:30,39188.75,39201.85,39146.05,39164.7,
2023-03-20T14:45:00+05:30,39164,39215.6,39154.15,39178.7,
2023-03-20T14:50:00+05:30,39167.3,39209.3,39155.5,39172.45,
2023-03-20T14:55:00+05:30,39172.6,39206.25,39130.35,39192.8,
2023-03-20T15:00:00+05:30,39191.1,39292.9,39180.15,39289.05,
2023-03-20T15:05:00+05:30,39288.8,39352.2,39278.9,39334.8,
2023-03-20T15:10:00+05:30,39336.95,39406.25,39336.95,39368.9,
2023-03-20T15:15:00+05:30,39368.3,39417,39368.3,39405.4,
2023-03-20T15:20:00+05:30,39411.75,39417.8,39374.4,39392.7,
2023-03-20T15:25:00+05:30,39392,39412.6,39374.35,39377.3,
2023-03-21T09:15:00+05:30,39599.65,39610,39467.95,39505.8,
2023-03-21T09:20:00+05:30,39506.35,39536.4,39452.85,39528.25,
2023-03-21T09:25:00+05:30,39525.15,39576.2,39522.2,39569.1,
2023-03-21T09:30:00+05:30,39570.8,39576.55,39479.5,39507.25,
2023-03-21T09:35:00+05:30,39507.1,39508.35,39418.15,39427.35,
2023-03-21T09:40:00+05:30,39429.8,39441.75,39393.55,39421.7,
2023-03-21T09:45:00+05:30,39427.2,39459.3,39369.1,39369.5,
2023-03-21T09:50:00+05:30,39369.1,39436.95,39366.3,39394.6,
2023-03-21T09:55:00+05:30,39396.05,39487.9,39393.05,39483.9,
2023-03-21T10:00:00+05:30,39485.7,39565.6,39476.5,39544.6,
2023-03-21T10:05:00+05:30,39543.85,39574.9,39525.7,39531,
2023-03-21T10:10:00+05:30,39531.5,39581.65,39526.1,39572.95,
2023-03-21T10:15:00+05:30,39571.55,39589.9,39543.1,39561.55,
2023-03-21T10:20:00+05:30,39561.35,39571.45,39489.4,39500.25,
2023-03-21T10:25:00+05:30,39500.55,39547.5,39497.25,39523.6,
2023-03-21T10:30:00+05:30,39522.2,39545,39472.35,39489.6,
2023-03-21T10:35:00+05:30,39490.7,39545.5,39486.6,39537.65,
2023-03-21T10:40:00+05:30,39539.05,39580.55,39528.55,39571.05,
2023-03-21T10:45:00+05:30,39570.25,39587.6,39542.4,39576.6,
2023-03-21T10:50:00+05:30,39580.1,39587.25,39518.35,39569.55,
2023-03-21T10:55:00+05:30,39571,39571,39518.1,39533.1,
2023-03-21T11:00:00+05:30,39532.4,39535.65,39484.8,39491.4,
2023-03-21T11:05:00+05:30,39493,39533.95,39480,39519.55,
2023-03-21T11:10:00+05:30,39519.25,39532.2,39474.75,39521.85,
2023-03-21T11:15:00+05:30,39520.95,39541.4,39487.45,39516.1,
2023-03-21T11:20:00+05:30,39516.75,39549.65,39499.85,39516.6,
2023-03-21T11:25:00+05:30,39521.1,39528.5,39475.8,39484.65,
2023-03-21T11:30:00+05:30,39482.15,39524.3,39439.3,39448.55,
2023-03-21T11:35:00+05:30,39446.55,39494.3,39438.95,39449.9,
2023-03-21T11:40:00+05:30,39447.75,39478.5,39432.15,39459.3,
2023-03-21T11:45:00+05:30,39458.6,39468.95,39414.95,39457.35,
2023-03-21T11:50:00+05:30,39456.55,39456.95,39406.85,39417.65,
2023-03-21T11:55:00+05:30,39419.65,39425.2,39394.6,39408.3,
2023-03-21T12:00:00+05:30,39409.45,39448.6,39393.75,39444.15,
2023-03-21T12:05:00+05:30,39447.15,39498.5,39431.75,39492.2,
2023-03-21T12:10:00+05:30,39490.95,39494.5,39441.35,39449.9,
2023-03-21T12:15:00+05:30,39450.85,39480.75,39445.7,39480.3,
2023-03-21T12:20:00+05:30,39480.25,39521,39477.8,39501.3,
2023-03-21T12:25:00+05:30,39501.65,39554.7,39496.1,39530.8,
2023-03-21T12:30:00+05:30,39532.15,39558.9,39532.15,39543.75,
2023-03-21T12:35:00+05:30,39544.55,39544.55,39504.3,39520.6,
2023-03-21T12:40:00+05:30,39523.1,39568.1,39520.75,39568.1,
2023-03-21T12:45:00+05:30,39570.1,39678.55,39569.3,39664.05,
2023-03-21T12:50:00+05:30,39661.05,39702.3,39635.45,39682.5,
2023-03-21T12:55:00+05:30,39675.7,39685,39652.9,39676.85,
2023-03-21T13:00:00+05:30,39680.4,39734.4,39680.4,39719.35,
2023-03-21T13:05:00+05:30,39718.1,39754.05,39709.45,39749.3,
2023-03-21T13:10:00+05:30,39746.25,39750.05,39720.75,39735.8,
2023-03-21T13:15:00+05:30,39734.4,39749.8,39662.5,39712,
2023-03-21T13:20:00+05:30,39711.1,39719.5,39673.5,39712.65,
2023-03-21T13:25:00+05:30,39710.95,39710.95,39655.7,39663.25,
2023-03-21T13:30:00+05:30,39657.25,39696.1,39651.3,39675.15,
2023-03-21T13:35:00+05:30,39673.3,39705.6,39649.4,39649.85,
2023-03-21T13:40:00+05:30,39648.1,39691.6,39639.1,39671.45,
2023-03-21T13:45:00+05:30,39673,39805.4,39672.8,39795.6,
2023-03-21T13:50:00+05:30,39798.45,39822.7,39785.6,39795.55,
2023-03-21T13:55:00+05:30,39797.1,39823.7,39790.9,39815.55,
2023-03-21T14:00:00+05:30,39815.6,39844.15,39776.9,39818.3,
2023-03-21T14:05:00+05:30,39817.95,39828.3,39757.3,39787.35,
2023-03-21T14:10:00+05:30,39791.7,39793.8,39760.3,39786.05,
2023-03-21T14:15:00+05:30,39786.55,39869.4,39783.85,39869.4,
2023-03-21T14:20:00+05:30,39870.8,39882.25,39854.65,39857.15,
2023-03-21T14:25:00+05:30,39858.35,39862.35,39819.7,39834.8,
2023-03-21T14:30:00+05:30,39834.3,39849.75,39825.75,39830.95,
2023-03-21T14:35:00+05:30,39827.6,39899.35,39824.35,39870.05,
2023-03-21T14:40:00+05:30,39871.5,39914.65,39864.95,39906.05,
2023-03-21T14:45:00+05:30,39896.35,39930.9,39886.05,39920.15,
2023-03-21T14:50:00+05:30,39919.95,39970.2,39905.5,39953.1,
2023-03-21T14:55:00+05:30,39949.05,39963.9,39924.15,39948.5,
2023-03-21T15:00:00+05:30,39949.7,39950.3,39887.35,39912.55,
2023-03-21T15:05:00+05:30,39909.7,39961.15,39905.6,39937,
2023-03-21T15:10:00+05:30,39935.85,39943.7,39855.05,39861.75,
2023-03-21T15:15:00+05:30,39859.25,39891.85,39855.75,39869.4,
2023-03-21T15:20:00+05:30,39869,39878.1,39843.7,39867.15,
2023-03-21T15:25:00+05:30,39869.2,39912.1,39847.4,39867.5,
2023-03-22T09:15:00+05:30,40036,40082.75,39990,40070.55,
2023-03-22T09:20:00+05:30,40070.15,40070.15,39970.15,39976.4,
2023-03-22T09:25:00+05:30,39976.05,39992.8,39926.1,39952.45,
2023-03-22T09:30:00+05:30,39950.2,39958.85,39875.5,39901.2,
2023-03-22T09:35:00+05:30,39899.9,39907.55,39844.85,39892.8,
2023-03-22T09:40:00+05:30,39894.65,39999.1,39890,39994.55,
2023-03-22T09:45:00+05:30,39993.45,40014.9,39941.35,40012.05,
2023-03-22T09:50:00+05:30,40011.95,40015.15,39964.2,39979.75,
2023-03-22T09:55:00+05:30,39980.7,40032.6,39952.55,39961.7,
2023-03-22T10:00:00+05:30,39962.55,39964.6,39885.5,39946.8,
2023-03-22T10:05:00+05:30,39947.45,39997.1,39945.8,39966.35,
2023-03-22T10:10:00+05:30,39965.95,39983.3,39930.3,39930.3,
2023-03-22T10:15:00+05:30,39935.9,39963,39908.65,39908.65,
2023-03-22T10:20:00+05:30,39909.75,39933.45,39907.05,39922.4,
2023-03-22T10:25:00+05:30,39923.5,39960.65,39915.6,39956.85,
2023-03-22T10:30:00+05:30,39958.25,39982.6,39939.35,39939.65,
2023-03-22T10:35:00+05:30,39941.3,39944.75,39919.25,39935.4,
2023-03-22T10:40:00+05:30,39933.2,39971.8,39933.2,39938.5,
2023-03-22T10:45:00+05:30,39938.3,39976,39923,39956.2,
2023-03-22T10:50:00+05:30,39954.85,39968.15,39918.05,39959.7,
2023-03-22T10:55:00+05:30,39957.5,39961.7,39925.65,39944.45,
2023-03-22T11:00:00+05:30,39938.05,39942.85,39869.65,39893.25,
2023-03-22T11:05:00+05:30,39893.25,39895.4,39848.45,39875.55,
2023-03-22T11:10:00+05:30,39878.6,39919.55,39874.45,39908.55,
2023-03-22T11:15:00+05:30,39912.2,39939.6,39886.3,39927.7,
2023-03-22T11:20:00+05:30,39928.3,39930.85,39903.5,39928.75,
2023-03-22T11:25:00+05:30,39929.2,39992.05,39926.2,39992.05,
2023-03-22T11:30:00+05:30,39990.85,39999.05,39920.1,39936.55,
2023-03-22T11:35:00+05:30,39938.7,39960.7,39911.15,39943.45,
2023-03-22T11:40:00+05:30,39943.85,39976.7,39927.65,39968.3,
2023-03-22T11:45:00+05:30,39968.8,39979.05,39934.1,39938.4,
2023-03-22T11:50:00+05:30,39937.05,39968.5,39937.05,39959.8,
2023-03-22T11:55:00+05:30,39959.3,39985.05,39933.85,39942.1,
2023-03-22T12:00:00+05:30,39937.05,39967.15,39919.5,39932.6,
2023-03-22T12:05:00+05:30,39930.5,39951.6,39923.3,39933.55,
2023-03-22T12:10:00+05:30,39933.7,39933.7,39871.5,39923.05,
2023-03-22T12:15:00+05:30,39922.65,39948.4,39903.95,39937.6,
2023-03-22T12:20:00+05:30,39940.3,39951.25,39915.05,39949.5,
2023-03-22T12:25:00+05:30,39950.15,39971.85,39943.7,39967.9,
2023-03-22T12:30:00+05:30,39967.25,40003.9,39946.8,39978.8,
2023-03-22T12:35:00+05:30,39979.75,39987.35,39949.25,39965.8,
2023-03-22T12:40:00+05:30,39964.55,39972.6,39918.95,39935,
2023-03-22T12:45:00+05:30,39938.2,39962.25,39936.8,39957.25,
2023-03-22T12:50:00+05:30,39957.4,39975,39932.4,39932.4,
2023-03-22T12:55:00+05:30,39932.4,39968.1,39926.55,39961.2,
2023-03-22T13:00:00+05:30,39960.55,39988.2,39948.7,39980.15,
2023-03-22T13:05:00+05:30,39980.7,39996,39966.35,39988.75,
2023-03-22T13:10:00+05:30,39986.9,39992.15,39934.65,39959.25,
2023-03-22T13:15:00+05:30,39957.9,39965.45,39922.95,39946.55,
2023-03-22T13:20:00+05:30,39946.7,39966.1,39937.55,39951.1,
2023-03-22T13:25:00+05:30,39952.75,39975.8,39948.3,39959.95,
2023-03-22T13:30:00+05:30,39966.8,39980.4,39960.6,39961.95,
2023-03-22T13:35:00+05:30,39962.25,40010.05,39954.85,40010.05,
2023-03-22T13:40:00+05:30,40009.95,40047.2,39969,40010.5,
2023-03-22T13:45:00+05:30,40011.3,40018.25,39952.1,39952.1,
2023-03-22T13:50:00+05:30,39949.25,39972.25,39928.15,39968.8,
2023-03-22T13:55:00+05:30,39970.35,39981.3,39961.2,39966.25,
2023-03-22T14:00:00+05:30,39969,39999.75,39950,39991.35,
2023-03-22T14:05:00+05:30,39990.8,40003.65,39960.05,39973.5,
2023-03-22T14:10:00+05:30,39976.05,40001.75,39975.95,39990.3,
2023-03-22T14:15:00+05:30,39994.2,40024.75,39990.25,40010.3,
2023-03-22T14:20:00+05:30,40009.65,40016.5,39973.35,39977.9,
2023-03-22T14:25:00+05:30,39978.75,39985.15,39917.7,39918.05,
2023-03-22T14:30:00+05:30,39921.75,39958,39888,39930.05,
2023-03-22T14:35:00+05:30,39929.35,39936.25,39864.85,39873.4,
2023-03-22T14:40:00+05:30,39872.25,39907.3,39852,39882.3,
2023-03-22T14:45:00+05:30,39877.7,39906.4,39858.2,39905.9,
2023-03-22T14:50:00+05:30,39906.75,39929,39898.85,39929,
2023-03-22T14:55:00+05:30,39925.8,39941.65,39886.3,39935.45,
2023-03-22T15:00:00+05:30,39931.45,39983.65,39931.45,39975.7,
2023-03-22T15:05:00+05:30,39973.15,39989.5,39972,39982.05,
2023-03-22T15:10:00+05:30,39984,40024.75,39973.2,40022.3,
2023-03-22T15:15:00+05:30,40021.95,40042.7,40002.75,40010.1,
2023-03-22T15:20:00+05:30,40010.1,40021,39982.9,39989.7,
2023-03-22T15:25:00+05:30,39989.65,40006.15,39958.85,39958.85,
2023-03-23T09:15:00+05:30,39836.15,39841,39766.35,39807,
2023-03-23T09:20:00+05:30,39810.25,39839.35,39770.8,39800.95,
2023-03-23T09:25:00+05:30,39801,39809.95,39730.45,39781.75,
2023-03-23T09:30:00+05:30,39777.55,39869.85,39752.1,39846.55,
2023-03-23T09:35:00+05:30,39849.5,39879.65,39792.15,39795.25,
2023-03-23T09:40:00+05:30,39795.45,39840.25,39780.1,39837.4,
2023-03-23T09:45:00+05:30,39837.9,39950.5,39837.15,39942.05,
2023-03-23T09:50:00+05:30,39945.9,39955.55,39865.8,39907.65,
2023-03-23T09:55:00+05:30,39904.95,39931.45,39902.6,39931.25,
2023-03-23T10:00:00+05:30,39931.85,39996.75,39931.85,39987.55,
2023-03-23T10:05:00+05:30,39989.85,40054.8,39966,39976.5,
2023-03-23T10:10:00+05:30,39975.85,40010.35,39959.6,39994.3,
2023-03-23T10:15:00+05:30,39998.5,40041.7,39994.4,40029.45,
2023-03-23T10:20:00+05:30,40027.65,40097.95,40013,40043.45,
2023-03-23T10:25:00+05:30,40040.7,40088,40014.95,40087.6,
2023-03-23T10:30:00+05:30,40089.35,40107.5,40076.15,40096.45,
2023-03-23T10:35:00+05:30,40096.5,40118.05,40058.35,40062.3,
2023-03-23T10:40:00+05:30,40061.6,40077.6,40047.25,40051.6,
2023-03-23T10:45:00+05:30,40052.75,40064.6,39986.3,39995.55,
2023-03-23T10:50:00+05:30,39998.65,40024.7,39959.2,39977.45,
2023-03-23T10:55:00+05:30,39980.5,40026.6,39963.65,39997,
2023-03-23T11:00:00+05:30,39996.95,40041.9,39996.95,40012.05,
2023-03-23T11:05:00+05:30,40011.85,40011.85,39944.6,39979.75,
2023-03-23T11:10:00+05:30,39973.8,39995.6,39956.25,39976.7,
2023-03-23T11:15:00+05:30,39976.7,40001.3,39956.8,39959.95,
2023-03-23T11:20:00+05:30,39958.65,39996.55,39958.65,39989.6,
2023-03-23T11:25:00+05:30,39989.9,39990,39941.8,39982.4,
2023-03-23T11:30:00+05:30,39981.7,40000.25,39972.45,39997.6,
2023-03-23T11:35:00+05:30,39998.25,40031.6,39989.15,39997.2,
2023-03-23T11:40:00+05:30,39996.85,40026.1,39984.45,40011.15,
2023-03-23T11:45:00+05:30,40009.5,40033.85,39997.7,40031,
2023-03-23T11:50:00+05:30,40031.1,40041.8,40019.6,40020.45,
2023-03-23T11:55:00+05:30,40021,40057.55,39986.6,40057.55,
2023-03-23T12:00:00+05:30,40054.95,40069.3,40035.4,40050.9,
2023-03-23T12:05:00+05:30,40046.45,40065.35,40036.95,40057.95,
2023-03-23T12:10:00+05:30,40056.65,40062.75,40034.85,40055.05,
2023-03-23T12:15:00+05:30,40054.2,40097.75,40047.8,40060,
2023-03-23T12:20:00+05:30,40058.05,40100.95,40053.6,40097.55,
2023-03-23T12:25:00+05:30,40099.25,40099.25,40067.5,40075.65,
2023-03-23T12:30:00+05:30,40075,40117.4,40072.15,40116.4,
2023-03-23T12:35:00+05:30,40116.3,40170.8,40112.5,40168.9,
2023-03-23T12:40:00+05:30,40167.85,40182.2,40128.05,40179.3,
2023-03-23T12:45:00+05:30,40181.65,40201.6,40159.75,40174.65,
2023-03-23T12:50:00+05:30,40174.1,40190.25,40131.4,40151.45,
2023-03-23T12:55:00+05:30,40150.7,40180.35,40136.15,40138.35,
2023-03-23T13:00:00+05:30,40133.7,40163.8,40108.4,40161.15,
2023-03-23T13:05:00+05:30,40162,40175.55,40132.4,40132.4,
2023-03-23T13:10:00+05:30,40133.45,40140.55,40083.65,40118,
2023-03-23T13:15:00+05:30,40117.6,40130.1,40105.1,40124,
2023-03-23T13:20:00+05:30,40124,40152.2,40122.85,40150,
2023-03-23T13:25:00+05:30,40149.95,40175.8,40135.95,40163.75,
2023-03-23T13:30:00+05:30,40163.25,40190.8,40149.75,40153.4,
2023-03-23T13:35:00+05:30,40153.05,40182.1,40141.75,40163.95,
2023-03-23T13:40:00+05:30,40162.25,40167,40098.45,40102.35,
2023-03-23T13:45:00+05:30,40101.4,40129.65,40023.55,40036.45,
2023-03-23T13:50:00+05:30,40031.25,40077.4,40018.3,40040.05,
2023-03-23T13:55:00+05:30,40038,40050.35,40018.45,40035.85,
2023-03-23T14:00:00+05:30,40032.8,40061.7,39981.7,39996.95,
2023-03-23T14:05:00+05:30,39995.4,40045.95,39994.45,40028.9,
2023-03-23T14:10:00+05:30,40030.15,40049.05,39977.15,39977.15,
2023-03-23T14:15:00+05:30,39974.3,39997.7,39935.65,39962.45,
2023-03-23T14:20:00+05:30,39960.6,39979.4,39922.3,39926.65,
2023-03-23T14:25:00+05:30,39924.25,39924.25,39835.15,39845.3,
2023-03-23T14:30:00+05:30,39846.65,39855.9,39784.15,39833.95,
2023-03-23T14:35:00+05:30,39835.85,39844.15,39799.2,39832.6,
2023-03-23T14:40:00+05:30,39832.7,39836.3,39748.85,39779.3,
2023-03-23T14:45:00+05:30,39780.85,39802.8,39754.95,39763.7,
2023-03-23T14:50:00+05:30,39761.8,39796.75,39702.25,39735.9,
2023-03-23T14:55:00+05:30,39734.3,39783.6,39730.65,39776.3,
2023-03-23T15:00:00+05:30,39763.4,39824,39722.15,39723.7,
2023-03-23T15:05:00+05:30,39721.7,39722.25,39573.3,39626.45,
2023-03-23T15:10:00+05:30,39629.6,39631.55,39555.9,39583.6,
2023-03-23T15:15:00+05:30,39583.4,39619.1,39556.15,39570.55,
2023-03-23T15:20:00+05:30,39572.05,39614.75,39556,39577.3,
2023-03-23T15:25:00+05:30,39580.55,39596.7,39560.4,39580.15,
2023-03-24T09:15:00+05:30,39555.25,39667.25,39474.4,39594.25,
2023-03-24T09:20:00+05:30,39589.95,39591,39465.05,39514.7,
2023-03-24T09:25:00+05:30,39514.4,39529.8,39435.65,39500.3,
2023-03-24T09:30:00+05:30,39499,39533.55,39440.85,39504.15,
2023-03-24T09:35:00+05:30,39507.85,39619.35,39504.75,39539.35,
2023-03-24T09:40:00+05:30,39538.15,39643.25,39537.6,39566.45,
2023-03-24T09:45:00+05:30,39568.8,39655.3,39542.3,39621.15,
2023-03-24T09:50:00+05:30,39622.05,39636.3,39548.4,39627.4,
2023-03-24T09:55:00+05:30,39628.6,39637.4,39564.05,39582.95,
2023-03-24T10:00:00+05:30,39583.6,39592.4,39489.2,39500.5,
2023-03-24T10:05:00+05:30,39505.15,39548.4,39475.3,39495.45,
2023-03-24T10:10:00+05:30,39494.5,39557.25,39464.15,39553.9,
2023-03-24T10:15:00+05:30,39555.75,39639.3,39554.15,39565.65,
2023-03-24T10:20:00+05:30,39570.45,39626.5,39556.65,39572.95,
2023-03-24T10:25:00+05:30,39570.5,39573.1,39510.4,39523.2,
2023-03-24T10:30:00+05:30,39524.1,39574.9,39492,39574.9,
2023-03-24T10:35:00+05:30,39574.55,39578.75,39526,39543.3,
2023-03-24T10:40:00+05:30,39542.5,39562.4,39509.9,39515.75,
2023-03-24T10:45:00+05:30,39511.6,39528.3,39476.1,39528.3,
2023-03-24T10:50:00+05:30,39526,39561.45,39493.4,39558,
2023-03-24T10:55:00+05:30,39565.25,39567.15,39506.65,39506.65,
2023-03-24T11:00:00+05:30,39508,39581.55,39504.85,39563.25,
2023-03-24T11:05:00+05:30,39564,39584.55,39559.15,39559.15,
2023-03-24T11:10:00+05:30,39559.65,39634.5,39558.25,39625.25,
2023-03-24T11:15:00+05:30,39623.95,39693.25,39623.95,39632.45,
2023-03-24T11:20:00+05:30,39632,39670.6,39606.7,39651.25,
2023-03-24T11:25:00+05:30,39653.2,39662.1,39621.9,39624.9,
2023-03-24T11:30:00+05:30,39622.95,39648.3,39590.7,39648.3,
2023-03-24T11:35:00+05:30,39648.1,39694.9,39630.5,39694.9,
2023-03-24T11:40:00+05:30,39700.8,39731.35,39695.55,39725.55,
2023-03-24T11:45:00+05:30,39728.5,39740.25,39683.15,39686.25,
2023-03-24T11:50:00+05:30,39693.6,39721.15,39658.65,39710.1,
2023-03-24T11:55:00+05:30,39711,39765.35,39711,39725.95,
2023-03-24T12:00:00+05:30,39731.95,39741.1,39668.1,39720.5,
2023-03-24T12:05:00+05:30,39721.25,39728.9,39682.6,39691.15,
2023-03-24T12:10:00+05:30,39692.8,39734.95,39683.25,39723.7,
2023-03-24T12:15:00+05:30,39724.8,39751.55,39712.8,39747.95,
2023-03-24T12:20:00+05:30,39748.4,39766.55,39715.55,39749.75,
2023-03-24T12:25:00+05:30,39749.25,39767.55,39685.85,39688.05,
2023-03-24T12:30:00+05:30,39701.2,39730.9,39653.15,39665.15,
2023-03-24T12:35:00+05:30,39667.15,39674.65,39599.85,39608.85,
2023-03-24T12:40:00+05:30,39606.85,39631.95,39562.6,39608.9,
2023-03-24T12:45:00+05:30,39613.4,39633.8,39567.65,39575.65,
2023-03-24T12:50:00+05:30,39577,39596.95,39525.75,39575.9,
2023-03-24T12:55:00+05:30,39575.15,39620.55,39561.65,39568.05,
2023-03-24T13:00:00+05:30,39571.95,39627.2,39568.5,39626.25,
2023-03-24T13:05:00+05:30,39626.65,39688.25,39626.25,39656.7,
2023-03-24T13:10:00+05:30,39657,39705.8,39646.7,39699.95,
2023-03-24T13:15:00+05:30,39701.9,39729.6,39670.65,39677.2,
2023-03-24T13:20:00+05:30,39684,39690.7,39626.45,39685.15,
2023-03-24T13:25:00+05:30,39683.6,39688,39634.2,39658.3,
2023-03-24T13:30:00+05:30,39663.4,39677.35,39609.7,39611.2,
2023-03-24T13:35:00+05:30,39614.2,39616.15,39561.95,39568.35,
2023-03-24T13:40:00+05:30,39569.6,39605.15,39549.15,39568.65,
2023-03-24T13:45:00+05:30,39569.3,39612.3,39551.65,39578.75,
2023-03-24T13:50:00+05:30,39581.25,39619.6,39574.6,39603.15,
2023-03-24T13:55:00+05:30,39602.9,39650.85,39583,39592.4,
2023-03-24T14:00:00+05:30,39600.3,39603.15,39530.5,39576.75,
2023-03-24T14:05:00+05:30,39579.55,39579.55,39529.85,39559.15,
2023-03-24T14:10:00+05:30,39562,39607.8,39536.75,39598.05,
2023-03-24T14:15:00+05:30,39601.75,39603.2,39544.7,39565.9,
2023-03-24T14:20:00+05:30,39568.15,39577.15,39497.25,39520,
2023-03-24T14:25:00+05:30,39519.9,39553.35,39462.25,39466.65,
2023-03-24T14:30:00+05:30,39469,39480,39404.6,39421.2,
2023-03-24T14:35:00+05:30,39423.9,39458.5,39420.1,39435.35,
2023-03-24T14:40:00+05:30,39436.9,39534.8,39432.3,39467.2,
2023-03-24T14:45:00+05:30,39474.9,39492.35,39434.05,39472.7,
2023-03-24T14:50:00+05:30,39475.2,39490.35,39407.5,39476.7,
2023-03-24T14:55:00+05:30,39477.6,39507.35,39441.8,39497.35,
2023-03-24T15:00:00+05:30,39499.2,39513.8,39404.95,39437.3,
2023-03-24T15:05:00+05:30,39441.2,39460.35,39418.35,39459,
2023-03-24T15:10:00+05:30,39460.5,39490.8,39440.7,39442.45,
2023-03-24T15:15:00+05:30,39448.45,39453.35,39369.3,39373.15,
2023-03-24T15:20:00+05:30,39373.8,39382,39294.9,39306.6,
2023-03-24T15:25:00+05:30,39315.1,39363.15,39305.5,39351.8,
2023-03-27T09:15:00+05:30,39484.7,39484.7,39368.7,39424.3,
2023-03-27T09:20:00+05:30,39423.35,39423.35,39320.1,39372.55,
2023-03-27T09:25:00+05:30,39375.85,39489.75,39354.8,39448.85,
2023-03-27T09:30:00+05:30,39454.25,39556.05,39442.15,39541.85,
2023-03-27T09:35:00+05:30,39543.65,39584.55,39476.8,39563.05,
2023-03-27T09:40:00+05:30,39563.55,39570.85,39495.7,39495.7,
2023-03-27T09:45:00+05:30,39498.9,39582.65,39469.8,39569.7,
2023-03-27T09:50:00+05:30,39567.95,39573.95,39511.85,39532.35,
2023-03-27T09:55:00+05:30,39530.4,39544.5,39513.45,39530.35,
2023-03-27T10:00:00+05:30,39528.85,39542.2,39487.15,39512.45,
2023-03-27T10:05:00+05:30,39511.85,39550.55,39488.9,39525.9,
2023-03-27T10:10:00+05:30,39526,39563.5,39499.5,39503.2,
2023-03-27T10:15:00+05:30,39506.15,39567.75,39500.9,39515.2,
2023-03-27T10:20:00+05:30,39512.7,39535.4,39490.9,39491.6,
2023-03-27T10:25:00+05:30,39490.85,39522.05,39458.25,39517.45,
2023-03-27T10:30:00+05:30,39516.9,39525.1,39489.6,39489.8,
2023-03-27T10:35:00+05:30,39490.25,39490.25,39410.2,39410.2,
2023-03-27T10:40:00+05:30,39407.9,39446.05,39369.5,39376.3,
2023-03-27T10:45:00+05:30,39375.7,39415.75,39353.9,39372.35,
2023-03-27T10:50:00+05:30,39369.45,39387.9,39340.75,39343,
2023-03-27T10:55:00+05:30,39342.35,39389.8,39330.75,39355.45,
2023-03-27T11:00:00+05:30,39358.2,39427.8,39334.9,39424.3,
2023-03-27T11:05:00+05:30,39426.7,39436.5,39361.2,39403.1,
2023-03-27T11:10:00+05:30,39407.75,39442.7,39372.25,39377.9,
2023-03-27T11:15:00+05:30,39378,39382.25,39305.65,39306.35,
2023-03-27T11:20:00+05:30,39306.7,39360.95,39293,39360.95,
2023-03-27T11:25:00+05:30,39358.8,39376.05,39334.55,39337.9,
2023-03-27T11:30:00+05:30,39335.75,39340.25,39277.65,39336.55,
2023-03-27T11:35:00+05:30,39336.2,39432.7,39336.2,39390.4,
2023-03-27T11:40:00+05:30,39390.5,39483.85,39380.8,39468.15,
2023-03-27T11:45:00+05:30,39468.9,39476.15,39410.05,39468.8,
2023-03-27T11:50:00+05:30,39469.3,39478.75,39415.65,39415.65,
2023-03-27T11:55:00+05:30,39415.15,39424.5,39379.05,39379.05,
2023-03-27T12:00:00+05:30,39378.7,39427.8,39359.15,39425.45,
2023-03-27T12:05:00+05:30,39424.65,39485.3,39416.25,39482.25,
2023-03-27T12:10:00+05:30,39482.9,39506.6,39424.45,39430.95,
2023-03-27T12:15:00+05:30,39429.9,39507.95,39413.45,39490.25,
2023-03-27T12:20:00+05:30,39491,39537.15,39469,39474.5,
2023-03-27T12:25:00+05:30,39469.1,39492.3,39451.55,39485.6,
2023-03-27T12:30:00+05:30,39479.95,39555.9,39479.95,39501.45,
2023-03-27T12:35:00+05:30,39508.25,39526.25,39476.05,39496.8,
2023-03-27T12:40:00+05:30,39494.3,39542.9,39494.3,39539.3,
2023-03-27T12:45:00+05:30,39538.25,39549.65,39509,39542.2,
2023-03-27T12:50:00+05:30,39541.55,39543.2,39467.15,39488.55,
2023-03-27T12:55:00+05:30,39488.1,39510.3,39442.9,39480.5,
2023-03-27T13:00:00+05:30,39481.2,39507.25,39446.9,39447.15,
2023-03-27T13:05:00+05:30,39446.25,39463,39430.3,39443.2,
2023-03-27T13:10:00+05:30,39445.25,39461.5,39381.45,39383.95,
2023-03-27T13:15:00+05:30,39378.6,39392,39345.9,39386.7,
2023-03-27T13:20:00+05:30,39382.55,39424.7,39333.65,39355.3,
2023-03-27T13:25:00+05:30,39352.9,39368.55,39313.75,39333.8,
2023-03-27T13:30:00+05:30,39336.4,39412.45,39325.95,39399.15,
2023-03-27T13:35:00+05:30,39400.6,39430.2,39372.95,39381.4,
2023-03-27T13:40:00+05:30,39380.8,39411.3,39356.55,39395.95,
2023-03-27T13:45:00+05:30,39396.05,39430.1,39370,39388.65,
2023-03-27T13:50:00+05:30,39389.55,39462.8,39389.55,39450.2,
2023-03-27T13:55:00+05:30,39451.55,39481.45,39446.55,39473.4,
2023-03-27T14:00:00+05:30,39474.1,39505.4,39451.5,39472.85,
2023-03-27T14:05:00+05:30,39474.35,39502.6,39451.65,39454.8,
2023-03-27T14:10:00+05:30,39453,39487.4,39444.35,39478.05,
2023-03-27T14:15:00+05:30,39480.85,39559.7,39480.55,39530.45,
2023-03-27T14:20:00+05:30,39534,39626.2,39520,39600.85,
2023-03-27T14:25:00+05:30,39602.6,39694.05,39592.3,39648.7,
2023-03-27T14:30:00+05:30,39649.05,39660.45,39590.35,39611.8,
2023-03-27T14:35:00+05:30,39611.95,39690.85,39611.85,39621.15,
2023-03-27T14:40:00+05:30,39625.75,39648.3,39584.5,39590.2,
2023-03-27T14:45:00+05:30,39591.55,39622.05,39574.35,39589.9,
2023-03-27T14:50:00+05:30,39589.3,39651.3,39556.2,39645.85,
2023-03-27T14:55:00+05:30,39638.9,39657.25,39572,39579.45,
2023-03-27T15:00:00+05:30,39571.45,39623.9,39509.7,39509.7,
2023-03-27T15:05:00+05:30,39512.25,39542.95,39434.2,39453.15,
2023-03-27T15:10:00+05:30,39457.2,39463.35,39411.5,39437,
2023-03-27T15:15:00+05:30,39436.4,39440.5,39324.3,39324.3,
2023-03-27T15:20:00+05:30,39323.2,39355,39274.7,39349.4,
2023-03-27T15:25:00+05:30,39343,39356.45,39289.5,39309.45,
2023-03-28T09:15:00+05:30,39545.05,39545.05,39463.1,39526.35,
2023-03-28T09:20:00+05:30,39529.35,39561.55,39443.6,39480.2,
2023-03-28T09:25:00+05:30,39480.65,39516.2,39436.45,39447.35,
2023-03-28T09:30:00+05:30,39452.2,39496.35,39427.5,39444.15,
2023-03-28T09:35:00+05:30,39442.85,39505.6,39429.4,39489.9,
2023-03-28T09:40:00+05:30,39492.05,39501.75,39407.8,39453.35,
2023-03-28T09:45:00+05:30,39456.7,39469.75,39412.1,39434.05,
2023-03-28T09:50:00+05:30,39430.85,39486.6,39402.55,39438,
2023-03-28T09:55:00+05:30,39433.9,39468.15,39418.65,39418.65,
2023-03-28T10:00:00+05:30,39419.15,39457.75,39391,39401.15,
2023-03-28T10:05:00+05:30,39401.5,39433.7,39397.7,39425.55,
2023-03-28T10:10:00+05:30,39422.2,39466.95,39413.5,39463.95,
2023-03-28T10:15:00+05:30,39463.1,39494.15,39452.4,39478.15,
2023-03-28T10:20:00+05:30,39480.7,39486.45,39436.2,39452.05,
2023-03-28T10:25:00+05:30,39453.25,39461.45,39403.25,39406.75,
2023-03-28T10:30:00+05:30,39409.8,39409.8,39333.6,39363.65,
2023-03-28T10:35:00+05:30,39361.9,39365.6,39339.35,39352.75,
2023-03-28T10:40:00+05:30,39354.5,39390.1,39335.55,39335.55,
2023-03-28T10:45:00+05:30,39338.85,39400.85,39329.65,39400.85,
2023-03-28T10:50:00+05:30,39401.95,39402.55,39364.25,39387.35,
2023-03-28T10:55:00+05:30,39385.95,39395.1,39334,39335.1,
2023-03-28T11:00:00+05:30,39337.7,39398.1,39328.75,39388.05,
2023-03-28T11:05:00+05:30,39392.25,39422.25,39375.7,39398.2,
2023-03-28T11:10:00+05:30,39399.85,39419.75,39354.65,39417.15,
2023-03-28T11:15:00+05:30,39419.35,39444.05,39414.85,39432.4,
2023-03-28T11:20:00+05:30,39431.5,39455.3,39389.75,39451,
2023-03-28T11:25:00+05:30,39445.95,39463.9,39408.4,39408.4,
2023-03-28T11:30:00+05:30,39409.4,39450.05,39389.55,39420.05,
2023-03-28T11:35:00+05:30,39418.15,39466,39400.95,39466,
2023-03-28T11:40:00+05:30,39467.45,39499.15,39442.7,39495.8,
2023-03-28T11:45:00+05:30,39498.25,39512.85,39462.55,39486.6,
2023-03-28T11:50:00+05:30,39489.2,39524.4,39487.5,39494.8,
2023-03-28T11:55:00+05:30,39495.05,39499.7,39468.15,39483.45,
2023-03-28T12:00:00+05:30,39483.65,39492.3,39460.5,39463.15,
2023-03-28T12:05:00+05:30,39463.3,39486.55,39449.15,39477,
2023-03-28T12:10:00+05:30,39483.6,39492.85,39413.4,39417.25,
2023-03-28T12:15:00+05:30,39417.35,39462.8,39405.95,39416.55,
2023-03-28T12:20:00+05:30,39414.6,39453,39388.1,39420,
2023-03-28T12:25:00+05:30,39416.1,39445.35,39408.45,39427.8,
2023-03-28T12:30:00+05:30,39424.75,39484.1,39423.4,39481.2,
2023-03-28T12:35:00+05:30,39482.65,39505.8,39465.9,39502.75,
2023-03-28T12:40:00+05:30,39501.6,39502.2,39437.25,39439.9,
2023-03-28T12:45:00+05:30,39445.75,39492.35,39429.05,39484.55,
2023-03-28T12:50:00+05:30,39482.55,39527.75,39477.8,39517.3,
2023-03-28T12:55:00+05:30,39514.8,39515.25,39469.3,39512.7,
2023-03-28T13:00:00+05:30,39511.4,39527.6,39490.2,39492.4,
2023-03-28T13:05:00+05:30,39489.3,39564.2,39466.7,39562.55,
2023-03-28T13:10:00+05:30,39567,39568.15,39489.7,39558.35,
2023-03-28T13:15:00+05:30,39562.05,39571.75,39528.75,39553.7,
2023-03-28T13:20:00+05:30,39546.75,39573.05,39475.7,39475.7,
2023-03-28T13:25:00+05:30,39476.4,39491.1,39424.85,39453.6,
2023-03-28T13:30:00+05:30,39455.35,39490.2,39426.35,39437.95,
2023-03-28T13:35:00+05:30,39436.45,39454.65,39396,39454.65,
2023-03-28T13:40:00+05:30,39451.95,39489.7,39416.6,39470.8,
2023-03-28T13:45:00+05:30,39469.4,39482.4,39420.65,39453,
2023-03-28T13:50:00+05:30,39454.7,39482.9,39424.7,39429.8,
2023-03-28T13:55:00+05:30,39416.15,39447.3,39396.9,39441.9,
2023-03-28T14:00:00+05:30,39441.3,39486.25,39424,39442.5,
2023-03-28T14:05:00+05:30,39441.1,39481.75,39401.5,39435.4,
2023-03-28T14:10:00+05:30,39434.5,39446.8,39365.35,39401.25,
2023-03-28T14:15:00+05:30,39405.45,39417.1,39346.7,39366.65,
2023-03-28T14:20:00+05:30,39366.55,39409.7,39355.9,39408.15,
2023-03-28T14:25:00+05:30,39410.3,39475.2,39408.95,39455.8,
2023-03-28T14:30:00+05:30,39456.3,39521.35,39446.25,39452.85,
2023-03-28T14:35:00+05:30,39457.65,39509,39431.05,39476.75,
2023-03-28T14:40:00+05:30,39478.3,39519.1,39475.6,39514.95,
2023-03-28T14:45:00+05:30,39518.45,39533.7,39466.3,39473.45,
2023-03-28T14:50:00+05:30,39479.55,39523.9,39456.15,39493.35,
2023-03-28T14:55:00+05:30,39491.8,39541.2,39487.9,39531.5,
2023-03-28T15:00:00+05:30,39533.6,39615.35,39466.2,39525.4,
2023-03-28T15:05:00+05:30,39527.05,39567.65,39524.1,39560.7,
2023-03-28T15:10:00+05:30,39560.7,39606,39530.7,39530.7,
2023-03-28T15:15:00+05:30,39532.3,39577.1,39522.55,39557.8,
2023-03-28T15:20:00+05:30,39560.15,39632.95,39560,39622.55,
2023-03-28T15:25:00+05:30,39620.95,39641.25,39567.2,39605.95,
2023-03-29T09:15:00+05:30,39611.55,39733.3,39611.55,39668.85,
2023-03-29T09:20:00+05:30,39673,39744.4,39627.65,39717.45,
2023-03-29T09:25:00+05:30,39708.8,39744.65,39669.7,39708.25,
2023-03-29T09:30:00+05:30,39705.8,39719.9,39656.45,39697.55,
2023-03-29T09:35:00+05:30,39693.45,39732.3,39648.7,39713.2,
2023-03-29T09:40:00+05:30,39712.9,39718.4,39655.25,39716.4,
2023-03-29T09:45:00+05:30,39718.65,39719.5,39665.6,39710.45,
2023-03-29T09:50:00+05:30,39711.75,39730.7,39675.95,39683.15,
2023-03-29T09:55:00+05:30,39682.9,39747.35,39672.6,39723.35,
2023-03-29T10:00:00+05:30,39727.9,39739.3,39682.2,39686.4,
2023-03-29T10:05:00+05:30,39689.65,39748,39689.65,39716.6,
2023-03-29T10:10:00+05:30,39715.25,39745.75,39699.5,39713.2,
2023-03-29T10:15:00+05:30,39712.25,39723.85,39701.25,39715.4,
2023-03-29T10:20:00+05:30,39715.4,39849.7,39711.3,39824.6,
2023-03-29T10:25:00+05:30,39825.4,39875.4,39825.4,39870.4,
2023-03-29T10:30:00+05:30,39875.7,39899.35,39838.4,39899.35,
2023-03-29T10:35:00+05:30,39896.3,39900.45,39855.7,39866.9,
2023-03-29T10:40:00+05:30,39863.8,39863.8,39826.35,39846,
2023-03-29T10:45:00+05:30,39846,39891.75,39844.25,39887.9,
2023-03-29T10:50:00+05:30,39886.5,39893.85,39856.6,39862.95,
2023-03-29T10:55:00+05:30,39865.8,39865.8,39816.95,39823.85,
2023-03-29T11:00:00+05:30,39828,39887.65,39824.85,39850.95,
2023-03-29T11:05:00+05:30,39850.95,39864.35,39771.15,39791.9,
2023-03-29T11:10:00+05:30,39793.6,39800.75,39759.5,39782.8,
2023-03-29T11:15:00+05:30,39775.5,39817.9,39755.9,39781.85,
2023-03-29T11:20:00+05:30,39778.9,39832.9,39758.4,39832.65,
2023-03-29T11:25:00+05:30,39833,39848.2,39817,39836.3,
2023-03-29T11:30:00+05:30,39834.65,39834.65,39795.15,39818.5,
2023-03-29T11:35:00+05:30,39818,39818,39779.9,39792.05,
2023-03-29T11:40:00+05:30,39793.8,39795.95,39777.8,39782.5,
2023-03-29T11:45:00+05:30,39782.15,39826.1,39763.35,39796.8,
2023-03-29T11:50:00+05:30,39795.95,39832.25,39755.05,39827.45,
2023-03-29T11:55:00+05:30,39829.95,39835.35,39787.85,39809.2,
2023-03-29T12:00:00+05:30,39807,39831.45,39774.65,39778.4,
2023-03-29T12:05:00+05:30,39780.85,39792.7,39706.2,39711.65,
2023-03-29T12:10:00+05:30,39711.1,39733.5,39698.45,39715.1,
2023-03-29T12:15:00+05:30,39714.75,39731.2,39662.75,39676.3,
2023-03-29T12:20:00+05:30,39677.95,39730.35,39668.75,39698.3,
2023-03-29T12:25:00+05:30,39699.1,39745.95,39674.25,39722.85,
2023-03-29T12:30:00+05:30,39724.3,39724.3,39684.95,39704.55,
2023-03-29T12:35:00+05:30,39705.15,39743.7,39702.5,39723.1,
2023-03-29T12:40:00+05:30,39720.85,39729.05,39706.5,39709.65,
2023-03-29T12:45:00+05:30,39710.2,39766.2,39709.45,39744.6,
2023-03-29T12:50:00+05:30,39745.95,39746.85,39702.75,39709.95,
2023-03-29T12:55:00+05:30,39707.45,39757.95,39693.85,39744.85,
2023-03-29T13:00:00+05:30,39746.55,39809.2,39746.55,39754.9,
2023-03-29T13:05:00+05:30,39756.1,39804.35,39746.2,39785.4,
2023-03-29T13:10:00+05:30,39786.15,39796.7,39748.85,39753.9,
2023-03-29T13:15:00+05:30,39752.1,39829,39748.15,39829,
2023-03-29T13:20:00+05:30,39824.65,39860.7,39824.65,39848.75,
2023-03-29T13:25:00+05:30,39848.3,39865.85,39844,39864.75,
2023-03-29T13:30:00+05:30,39860.8,39868.15,39805.15,39844.5,
2023-03-29T13:35:00+05:30,39845.45,39859.75,39777.05,39803.8,
2023-03-29T13:40:00+05:30,39801.85,39840.5,39776.55,39817.15,
2023-03-29T13:45:00+05:30,39817.05,39832.35,39785.95,39789.25,
2023-03-29T13:50:00+05:30,39780.95,39847.3,39778.75,39843.5,
2023-03-29T13:55:00+05:30,39840.6,39887.85,39836.45,39853.55,
2023-03-29T14:00:00+05:30,39850.85,39914.35,39850.85,39913.6,
2023-03-29T14:05:00+05:30,39913.5,39923.75,39882.95,39901.1,
2023-03-29T14:10:00+05:30,39890.5,39898.1,39859.7,39897.5,
2023-03-29T14:15:00+05:30,39901.35,39942.4,39830.85,39847.85,
2023-03-29T14:20:00+05:30,39855.45,39861,39785.4,39842.55,
2023-03-29T14:25:00+05:30,39838.25,39843,39781.4,39812.25,
2023-03-29T14:30:00+05:30,39817.55,39826,39705.35,39735.95,
2023-03-29T14:35:00+05:30,39737.75,39737.75,39702.95,39713.25,
2023-03-29T14:40:00+05:30,39716.95,39760.95,39714.15,39756.35,
2023-03-29T14:45:00+05:30,39759.85,39759.85,39730,39738.3,
2023-03-29T14:50:00+05:30,39736.9,39744.85,39682.3,39726,
2023-03-29T14:55:00+05:30,39722.1,39752.8,39679,39709.35,
2023-03-29T15:00:00+05:30,39707,39883.9,39707,39858.65,
2023-03-29T15:05:00+05:30,39861.75,39886.75,39799.5,39884.25,
2023-03-29T15:10:00+05:30,39884.05,39953.4,39869.75,39945.75,
2023-03-29T15:15:00+05:30,39949.7,39973.1,39922.5,39960.3,
2023-03-29T15:20:00+05:30,39961.6,40041.2,39953.55,40015.3,
2023-03-29T15:25:00+05:30,40018.3,40051.9,39985.8,40013.3,
2023-03-31T09:15:00+05:30,40231.25,40423.95,40205.6,40341.75,
2023-03-31T09:20:00+05:30,40345,40469.05,40322.25,40456.3,
2023-03-31T09:25:00+05:30,40458.8,40471.15,40397.65,40465.55,
2023-03-31T09:30:00+05:30,40459.7,40486.7,40430.4,40438.5,
2023-03-31T09:35:00+05:30,40434.85,40444.6,40384.65,40399.85,
2023-03-31T09:40:00+05:30,40400.1,40502.2,40400.1,40464.75,
2023-03-31T09:45:00+05:30,40463.25,40485.95,40431.4,40459.45,
2023-03-31T09:50:00+05:30,40454.7,40499.75,40443.25,40487.9,
2023-03-31T09:55:00+05:30,40485.4,40492.5,40436.05,40437.4,
2023-03-31T10:00:00+05:30,40438.55,40519,40411.85,40501.7,
2023-03-31T10:05:00+05:30,40502.75,40502.75,40421.1,40481.65,
2023-03-31T10:10:00+05:30,40478.8,40505.55,40406.95,40421,
2023-03-31T10:15:00+05:30,40422.5,40481.75,40416.9,40423,
2023-03-31T10:20:00+05:30,40419.8,40466.7,40393.45,40456.9,
2023-03-31T10:25:00+05:30,40457.2,40472.9,40406.15,40419.6,
2023-03-31T10:30:00+05:30,40426.45,40426.45,40379.2,40385.25,
2023-03-31T10:35:00+05:30,40382.45,40434.75,40366.45,40416.95,
2023-03-31T10:40:00+05:30,40413.25,40433.4,40357.65,40417,
2023-03-31T10:45:00+05:30,40416.9,40417.3,40351.8,40353.35,
2023-03-31T10:50:00+05:30,40355.4,40440.35,40344.8,40429.75,
2023-03-31T10:55:00+05:30,40428.8,40436.7,40382.55,40436.7,
2023-03-31T11:00:00+05:30,40437.2,40439.45,40380.6,40383.45,
2023-03-31T11:05:00+05:30,40384,40455.95,40372.3,40441.1,
2023-03-31T11:10:00+05:30,40441.45,40458.75,40427.35,40450.75,
2023-03-31T11:15:00+05:30,40450,40479.45,40438.05,40456.85,
2023-03-31T11:20:00+05:30,40458.15,40476.45,40451.5,40456.35,
2023-03-31T11:25:00+05:30,40458.05,40476.85,40454.1,40467.95,
2023-03-31T11:30:00+05:30,40468.1,40472.5,40438.6,40451.7,
2023-03-31T11:35:00+05:30,40455,40495.25,40439.7,40490.65,
2023-03-31T11:40:00+05:30,40491.55,40535.85,40491.55,40505.05,
2023-03-31T11:45:00+05:30,40502.9,40514.7,40472.4,40484,
2023-03-31T11:50:00+05:30,40489.95,40560.75,40488.9,40489.05,
2023-03-31T11:55:00+05:30,40487.3,40498.8,40463.6,40464.75,
2023-03-31T12:00:00+05:30,40466.55,40473.4,40446.95,40455.45,
2023-03-31T12:05:00+05:30,40458.5,40476,40450.85,40457.35,
2023-03-31T12:10:00+05:30,40456.7,40468.65,40442.6,40458.85,
2023-03-31T12:15:00+05:30,40458.6,40483.2,40417.7,40475.65,
2023-03-31T12:20:00+05:30,40474.55,40478.9,40433.3,40463.7,
2023-03-31T12:25:00+05:30,40466.55,40468.3,40429.4,40448.85,
2023-03-31T12:30:00+05:30,40447.5,40519.05,40433.85,40501.05,
2023-03-31T12:35:00+05:30,40499.8,40522.1,40496.7,40516.1,
2023-03-31T12:40:00+05:30,40517.7,40557.85,40508.85,40554.25,
2023-03-31T12:45:00+05:30,40556.45,40556.45,40514.5,40528.7,
2023-03-31T12:50:00+05:30,40529.55,40529.55,40509.05,40513.85,
2023-03-31T12:55:00+05:30,40514.5,40517.55,40490.35,40497.45,
2023-03-31T13:00:00+05:30,40498.7,40540.25,40472.7,40533.7,
2023-03-31T13:05:00+05:30,40537.25,40543.45,40511,40521.6,
2023-03-31T13:10:00+05:30,40523.95,40534.5,40503.95,40506.2,
2023-03-31T13:15:00+05:30,40506.9,40550.7,40478.15,40539.45,
2023-03-31T13:20:00+05:30,40538.7,40543.7,40475.5,40543.7,
2023-03-31T13:25:00+05:30,40545.65,40574.55,40531.75,40533.2,
2023-03-31T13:30:00+05:30,40533.35,40535,40480.2,40511.1,
2023-03-31T13:35:00+05:30,40518.25,40525.75,40482.8,40485.85,
2023-03-31T13:40:00+05:30,40488.85,40568.15,40480.8,40558.5,
2023-03-31T13:45:00+05:30,40564.55,40580.55,40549.1,40559.95,
2023-03-31T13:50:00+05:30,40560.55,40596.45,40555.55,40588.85,
2023-03-31T13:55:00+05:30,40593.6,40629.45,40568.7,40570.1,
2023-03-31T14:00:00+05:30,40572.85,40588.1,40537.75,40564.2,
2023-03-31T14:05:00+05:30,40562.6,40600.2,40532.95,40532.95,
2023-03-31T14:10:00+05:30,40536.65,40586.7,40533.95,40574.9,
2023-03-31T14:15:00+05:30,40579.4,40624.35,40574,40622.65,
2023-03-31T14:20:00+05:30,40620.75,40628.3,40594.95,40602.65,
2023-03-31T14:25:00+05:30,40603.85,40622.45,40561.9,40605.9,
2023-03-31T14:30:00+05:30,40610.3,40611.7,40541.05,40564.85,
2023-03-31T14:35:00+05:30,40565.15,40590.15,40550.35,40581.2,
2023-03-31T14:40:00+05:30,40581.65,40592.35,40571.25,40588.6,
2023-03-31T14:45:00+05:30,40593.1,40643.05,40580.75,40642.35,
2023-03-31T14:50:00+05:30,40642.4,40643.7,40580.35,40597.4,
2023-03-31T14:55:00+05:30,40600.15,40625.15,40587.95,40625.15,
2023-03-31T15:00:00+05:30,40624.65,40642,40596.6,40624,
2023-03-31T15:05:00+05:30,40623.85,40688.85,40616.55,40655.5,
2023-03-31T15:10:00+05:30,40657.2,40657.2,40599.75,40619,
2023-03-31T15:15:00+05:30,40620.35,40620.35,40537.45,40537.95,
2023-03-31T15:20:00+05:30,40537.1,40594.65,40535.3,40593.5,
2023-03-31T15:25:00+05:30,40592.55,40625.7,40580,40602.35,
